Place_Name,Tweet_Count
"Florida, USA",149
"Georgia, USA",117
"Houston, TX",96
"Pennsylvania, USA",93
"Los Angeles, CA",90
"New York, USA",81
"Manhattan, NY",73
"Virginia, USA",73
"Philadelphia, PA",71
"Chicago, IL",70
"North Carolina, USA",60
United States,60
"Las Vegas, NV",59
"Washington, DC",56
"California, USA",53
"Toronto, Ontario",52
"Queens, NY",51
"Ohio, USA",51
"Michigan, USA",50
"Atlanta, GA",50
"Boston, MA",47
"Brooklyn, NY",45
"Indiana, USA",39
"Miami, FL",38
"Charlotte, NC",37
"Texas, USA",35
"Alabama, USA",33
"New York, NY",30
"Baltimore, MD",29
"San Antonio, TX",29
"Columbus, OH",28
"Indianapolis, IN",27
London,27
"San Diego, CA",26
"South Carolina, USA",26
New York State,26
New York City,25
"New Jersey, USA",25
United Kingdom,24
"Bronx, NY",24
"Cleveland, OH",23
"Louisville, KY",23
"Richmond, VA",23
"Tennessee, USA",22
"Illinois, USA",22
"Kentucky, USA",22
"Detroit, MI",22
"Maryland, USA",22
"Montréal, Québec",21
"Pittsburgh, PA",20
USA,20
New York,20
"Orlando, FL",20
"Ottawa, Ontario",19
"San Francisco, CA",19
"Austin, TX",19
"Raleigh, NC",19
"Baton Rouge, LA",18
"Tampa, FL",18
"Birmingham, AL",18
"Kansas City, MO",17
"Knoxville, TN",17
"London, England",16
"Buffalo, NY",16
"Lewisville, TX",16
"New London, CT",16
"Massachusetts, USA",16
"Garner, NC",15
"Mississippi, USA",15
"Milwaukee, WI",15
"Missouri, USA",15
"West Virginia, USA",14
Worldwide,14
"Staten Island, NY",14
"Hamilton, Ontario",14
"Blue Springs, MO",14
"Wisconsin, USA",14
"Miami Beach, FL",14
"Hartford, CT",13
"Sacramento, CA",13
"Delaware, USA",13
"Fishers, IN",13
"Belvedere Park, GA",13
"Yonkers, NY",13
"Jersey City, NJ",13
"Dallas, TX",13
"Fort Wayne, IN",13
Toronto,13
UK,13
NYC,12
"Jacksonville, FL",12
"Connecticut, USA",12
Canada,12
Huntsville AL,11
Maryland,11
"Paradise, NV",11
"Blackwood, NJ",11
Utah,11
"North Las Vegas, NV",10
"Flagstaff, AZ",10
"Oakland, CA",10
"Toledo, OH",10
"New Hampshire, USA",10
"Fort Lauderdale, FL",10
on the catwalk,10
"Tupelo, MS",10
"Independence, KY",10
National Capital Region,9
CLE,9
"Seaside Heights,NJ ,USA",9
"Pearland, TX",9
India,9
"Cincinnati, OH",9
"Arlington, TX",9
Click ➽➽➽,9
"Phoenix, AZ",9
"Newport News, VA",9
"Cape Coral, FL",9
Catskills,9
"Rhode Island, USA",9
"Oklahoma, USA",9
"Spring Hill, FL",9
"Granite City, IL",9
"Louisiana, USA",9
"Arizona, USA",9
Arizona,8
Barberville,8
"Daytona Beach, FL",8
"Arkansas, USA",8
"Houston, Texas",8
"Miami, Fl",8
"Warner Robins, GA",8
"London, Ontario",8
"oklahoma,U.S.A.",8
"Grand Island, NY",8
"Worcester, MA",8
"Caledonia, MI",8
"Oregon, USA",8
"Muskogee, OK",8
pshs track,8
"Kissimmee, FL",8
"Gastonia, NC",8
"San Jose, CA",8
"Lévis, Québec",8
"Bloomfield, NJ",8
"Fraser, MI",8
"Cherry Hill, VA",8
"Fresno, CA",8
Boston,8
"Minneapolis, MN",8
"Nashville, TN",8
"Goldsboro, NC",8
"New Bedford, MA",8
"Niagara, Ontario",8
"Grand Rapids, MI",8
Tennessee,8
"Springfield, MA",8
"Fairfield, CA",8
New Jersey,8
"Norfolk, VA",8
"Greensboro, NC",8
Starbucks,8
"Lodi, CA",8
Las Vegas,7
"Concord, NC",7
Washington DC,7
"Union City, CA",7
Chicago,7
"Miramar, FL",7
"London, UK",7
"Sunrise, FL",7
Gatineau,7
"Fayetteville, NC",7
"Pembroke Pines, FL",7
Michigan,7
"Erie, PA",7
"Cary, NC",7
With my key. ,7
Nigeria,7
"Middletown, NY",7
"Fulton , NY ",7
"Romulus, MI",7
somewhere in Blatlanta,7
Florida,7
"Boca Raton, FL",7
"Fulton, NY",7
Ottawa - Gatineau,7
"Elyria, OH",7
"Union City, GA",7
"Wichita, KS",7
"Tucson, AZ",7
"Clearwater, FL",7
"Isabela, PR",7
"Coral Springs, FL",7
"Hilliard, OH",7
"Blakely, GA",6
"Pleasanton, CA",6
"Alpharetta, GA",6
"Waldorf, MD",6
"Farmington Hills, MI",6
"St Petersburg, FL",6
"Gulf Breeze, FL, USA",6
HTX ,6
Islamic Republic of Iran,6
"Andover, MA",6
Ireland,6
Philadelphia,6
"Minot, ND",6
"Port St Lucie, FL",6
some where Midwest ,6
Suh dude,6
"Stockbridge, GA",6
"Gainesville, FL",6
"Lansing, MI",6
"Elkhart, IN",6
Australia,6
Web - Haiti - Social Media ,6
"Potomac, MD",6
"Nevada, USA",6
"Miami, Florida",6
"New Orleans, LA",6
"Abingdon, MD",6
Dartville,6
"Idaho, USA",6
"San Lorenzo, CA",6
Starville,6
"Seoul, Republic of Korea",6
"I live in Myakka City, FL",6
"College Park, GA",6
"Santa Monica, CA",6
"Jackson, MS",6
"Virginia Beach, VA",6
"Bellevue, WA",6
Texas,6
"melbourne, fl",6
"West Palm Beach, FL",6
Kentucky,6
"Aquia Harbour, VA",6
"Beaumont, TX",6
"Clifton, NJ",6
"Cleveland,Ohio",6
"Richmond Hill, Ontario",6
"Clarksville, TN",6
"Hanover, PA",6
"Arlington, VA",6
"Laguna, CA",6
"Cinnaminson, NJ",6
zrmw,6
"Midway, FL",6
"Allentown, PA",6
"Downtown Jacksonville, FL",6
"Naples, FL",6
"South Valley Stream, NY",6
"Northampton, MA",6
"Sterling Heights, MI",6
Hogwarts Witchcraft & Wizardry,6
"Waterbury, CT",6
"Lancaster, PA",6
Ohio,5
Lyon,5
"Bridgeport, CT",5
"Frederick, MD",5
Chennai | Ontario London,5
"Minnesota, USA",5
Connecticut,5
"Wilson, NC",5
"New Braunfels, TX",5
"Little Rock, AR",5
"Hicksville, NY",5
"Severn, MD",5
"Karachi, Pakistan",5
"Hialeah Gardens, FL",5
"Greenville, SC",5
"Alexandria, VA",5
"Coral Gables, FL",5
"Cambridge, Ontario",5
"Montville, CT",5
"Colorado, USA",5
"chicago,il aka Chiraq",5
"Absecon, NJ",5
"Fitchburg, MA",5
"Apex, NC",5
atlanta ga,5
"England, United Kingdom",5
Malaysia,5
"Elizabeth, NJ",5
"Woodstock, GA",5
"Kingston, NH",5
"East Providence, RI",5
"Paterson, NJ",5
"Cambridge, MA",5
"Ellensburg, WA",5
"Middletown, OH",5
"Biscayne Park, FL",5
"Modesto, CA",5
"Iowa, USA",5
"Columbia, SC",5
"Guilderland, NY",5
"Morgantown, WV",5
"Wyandotte, MI",5
"City of London, London",5
"Westminster, MD",5
website: ,5
"Bloomfield Township, MI",5
"Troy, MI",5
"Akron, OH",5
"Bull Run, VA",5
"Brandon, MS",5
"Marysville, WA",5
new york,5
Bea$t Coa$t,5
1394 Henrri Bourassa Est,5
"Liverpool, England",5
"Omaha, NE",5
North Carolina,5
@glitterlanced ♥︎ #ARIE,5
"Knightdale, NC",5
"Taylor, MI",5
England,5
"Boise, ID",5
"Huntsville, AL",4
"Westminster, CO",4
choctaw ok,4
"Oshawa, Ontario",4
"Sierra View, PA",4
"Québec, Canada",4
USA ,4
"Newark, NJ",4
"Red Hill, SC",4
"Enterprise, NV",4
"Edmond, OK",4
"Wheaton, MD",4
"Olympia, WA",4
"Dublin, OH",4
"Wichita Falls, TX",4
"Bradenton, FL",4
Southern Michigan,4
"Birmingham, England",4
GVHS Wrestling Room,4
Dime's Palace,4
☁️ S E A T T L E ☁️,4
NOT 4rm SanAntonio or Dallas,4
Let's go exploring!,4
"Fall River, MA",4
"New Philadelphia, OH",4
"Delaware, OH",4
"Germantown, MD",4
"College Station, TX",4
London Bridge,4
Scotland,4
"Santa Ana, CA",4
"Tamiami, FL",4
"Durham, NC",4
"Wheatley Heights, NY",4
+923437577075,4
Cornwall,4
"Skippack, PA",4
"New Delhi, India",4
"Fort Mill, SC",4
HOMICIDE HEARTBEAT ,4
"Malden, MA",4
San Bernardo - Chile,4
Maine,4
Aminah's World,4
"Petersfield, UK",4
"16 , Singapore",4
"Hialeah, FL",4
World,4
Terrence,4
"Orlando, Florida",4
"Burt,Michigan",4
518,4
"Perry Heights, OH",4
"Deerfield Beach, FL",4
"Cambridge, OH",4
"Ormond Beach, FL",4
"Milan, Lombardy",4
São Luís,4
Michigan ,4
Luhan is life,4
"Muncie, IN",4
"Savannah, GA",4
"Milford, CT",4
"Staunton, VA",4
"Kokomo, IN",4
"Dayton, OH",4
"Town 'n' Country, FL",4
"Manchester, England",4
"Warwick, RI",4
"Fort Worth, TX",4
"Maine, USA",4
livin' lavish,4
"Lubbock, TX",4
"Bellefontaine, OH",4
"Plantation, FL",4
"Sparks, NV",4
Antigua and Barbuda :),4
"Fremont, OH",4
"State College, PA",4
Philippines,4
the mystery spot,4
NYC now...Atlanta in July 2016,4
"Apodaca, Nuevo León",4
"Elkridge, MD",4
Global,4
"St Cloud, FL",4
"Lake Charles, LA",4
A New Brunswicker in Toronto,4
"Des Moines, IA",4
"Kansas, USA",4
"Lawrenceville, GA",4
St-Jerome,4
"Lake Worth, FL",4
San Francisco,4
"Jericho, VT",4
"Dubai, United Arab Emirates",4
"Snellville, GA",4
"St Louis, MO",4
"Duluth, MN",4
"Kingsport, TN",4
"North Charleston, SC",4
"Merced, CA",4
"Jupiter, FL",4
"Seattle, WA",4
"Mount Vernon, IL",4
"Sarnia, Ontario",4
Singapore,4
"Greater Sudbury / Grand Sudbury, Ontario",4
"Warren, OH",4
"Lowell, MA",4
"Memphis, TN",4
still at ANTI World Tour,4
"Rochester, NY",4
"Groves, TX",4
"North Chicago, IL",4
"Yellow Springs, OH",4
"Holland, OH",4
"Portland, OR",4
"Tuscaloosa, AL",4
Minnesota,4
"Noblesville, IN",4
Miami,4
"Denver, Colorado (7/14)",4
"Culiacán, Sinaloa",4
"Golden Glades, FL",4
florida,4
"Wake Forest, NC",4
"Fredericksburg, VA",4
"Henderson, NV",4
"Panama City, FL",4
"Lindenhurst, NY",4
"Sudbury, Ontario",4
"Fairfield, CT",4
Bakersville,4
Los Angeles,4
"Moon, PA",4
New York City & New Jersey,4
"Minneapolis, USA",4
In The Groove,4
"Pointville, NJ",4
"Mount Washington, KY",4
"Ruston, LA",4
"Leeds, England",4
"Ypsilanti, MI",4
"Jacksonville, Florida",4
"Portland, Oregon",4
"The Hammocks, FL",4
"Princeton, NJ",4
"Fairburn, GA",4
"Mesquite, TX",3
"Norwalk, CT",3
"Easton, MD",3
Tampa Bay Florida,3
"Fairfield, OH",3
"Manassas, VA",3
Brighton,3
"Mount Dora, FL #Slumpville",3
Atlanta ,3
"Woonsocket, RI",3
U.S.A.,3
"Montréal, Canada",3
"Smyrna, TN",3
Vermont,3
"Dix Hills, NY",3
snapchat: brandenpls,3
"Corpus Christi, TX",3
"Spartanburg, S.C.",3
"Enfield, NC",3
"baton rouge, la ",3
"Hollywood, Los Angeles",3
"Denton, TX",3
"West Hills, CA",3
"Reidsville, NC",3
"Hoboken, NJ",3
"Chicago, IL ",3
Gloucester,3
Gurgaon,3
"Branford, CT",3
"Milford Mill, MD",3
"Fontana, CA",3
"Deptford, NJ",3
"Grapevine, TX",3
Bahamas,3
"Burlington, MA",3
"The Bronx, NYC",3
"Newark, OH",3
"Waterloo, Ontario",3
"Grand Rapids, MI GunRu!",3
"Gainesville, GA",3
"Country Club, FL",3
"Mentor, OH",3
804,3
"Tamarac, FL",3
"Torrington, CT",3
sc:kevhive,3
"New Delhi, Delhi",3
Missouri,3
"Upper Darby, PA",3
"Ottawa, Canada",3
"South Gate, MD",3
"Dearborn Heights, MI",3
"Roseville, MI",3
"Monroe, GA",3
"Four Corners, TX",3
Oxford Ohio,3
new jersey,3
some where in americaひ,3
"East Patchogue, NY",3
"Lexington, KY",3
"Birmingham, MI",3
"Barrie, Ontario",3
OHIO,3
+++®,3
$$$,3
"Halifax, Nova Scotia",3
Atlanta,3
"North DeLand, FL",3
"Reading, PA",3
"iPhone: 39.930031,-86.017647",3
"La Plata, MD",3
"Dublin, CA",3
MONTERREY NUEVO LEON MEXICO,3
"Gardnertown, NY",3
"Deltona, FL",3
"Ottawa, ON",3
"St. Louis, MO",3
Rio de Janeiro,3
"Dover, DE",3
your basketball court ,3
"Schaumburg, IL",3
Roma,3
"Buenos Aires, Argentina",3
"Cardiff, NJ",3
"Bossier City, LA",3
hicksville ny,3
"Clifton Park, NY",3
"Clayton, NC ",3
"Apopka, FL",3
"Orangetree, FL",3
South Africa,3
"Houston, The Woodlands Tx",3
"Patchogue, NY",3
"Statesboro, GA",3
"Sandusky, OH",3
"Laval, Québec",3
London ,3
k-town ,3
"Tampa, Florida",3
"Tempe, AZ",3
"Warren, MI",3
"Aberdeen, MD",3
lancastrian ; spiritual,3
Manchester,3
"Surprise, AZ",3
"Strongsville, OH",3
"Wedgefield, FL",3
"Stratford, CT",3
"Cedar Hill, TX",3
"North Ridgeville, OH",3
"New Haven, CT",3
"Waxahachie, TX",3
502,3
"Nacogdoches, TX",3
hoshido,3
"Tallmadge, OH",3
im on my way,3
"Bellingham, MA",3
"Mobile, AL",3
"West Hartford, CT",3
"Delhi, OH",3
New York CIty,3
"Utica, NY",3
"Dacula, GA",3
"Ann Arbor, MI",3
"Columbus, GA",3
"Dublin, Ireland",3
"Plainfield, IL",3
"Amherst, NY",3
"South East, England",3
"Topeka, KS",3
Reno NV,3
"Chandler, AZ",3
Buckeye Lake Ohio,3
cybertronic purgatory ,3
"Addison, IL",3
"Irvine, CA",3
"Greece, NY",3
"Burlington, VT",3
"White Marsh, MD",3
"Lincoln, NE",3
"Randallstown, MD",3
"Scarsdale, NY",3
SC,3
"Middleburg-Clay Hill, FL",3
✌✋✌ ,3
"Vaudreuil-Dorion, Québec",3
"NJ, USA",3
"Chapel Hill, NC",3
"Seven Oaks, SC",3
"Middletown, NJ",3
"Oklahoma City, OK",3
"Lochearn, MD",3
"Decatur, IL",3
"Mumbai, India",3
"Greatwood, TX",3
"Oak Lawn, IL",3
"Norwood, OH",3
"Monticello, AR",3
"Temple Terrace, FL",3
"Barkhamsted, CT",3
"Slidell, LA",3
"Lakeland, FL",3
"Jakarta, Indonesia",3
318,3
LIve From Suffolk & Norfolk ,3
"University Park, FL",3
"Flint, MI",3
"East Lake-Orient Park, FL",3
"Croton-on-Hudson, NY",3
"Stroudsburg, PA",3
from Parts Unknown ,3
"Brookhaven, GA",3
"Boston Common, Boston",3
"Annapolis, MD",3
"West Carson, CA",3
"Daly City, CA",3
rapunzel kingdom,3
Hartford Al.,3
"Tarpon Springs, FL",3
"Ewing, NJ",3
"Joliet, IL",3
"Centereach, NY",3
"Neptune, NJ",3
"Beckley, WV",3
"Clinton, MI",3
Mumbai,3
CharLIT,3
"Scranton, PA",3
"Cork, Ireland",3
"Williamsport, PA",3
"Henrietta, NY",3
maryland,3
The Sunny Side of the Street,3
"Davao City, Davao Region",3
"Blacksburg, VA",3
"Cincinnati, Ohio",3
"Carrollton, GA",3
México,3
Where the Music meets theOcean,3
"NEW YORK, NY ",3
Long Island,3
Nick World,3
"Bensalem, PA",3
"East Orange, NJ",3
"West Hollywood, CA",3
"Bel Air North, MD",3
"Melbourne, Victoria",3
"O'Fallon, MO",3
"Andover, FL",3
with william,3
NC,3
"Burke, VA",3
France,3
"Lancaster, NY",3
"Winter Springs, FL",3
"New Castle, IN",3
"Sarasota, FL",3
Paris,3
"Margate, FL",3
"Dublin City, Ireland",3
"Windsor, Ontario",3
Mo.,3
"Kitchener, Ontario",3
"Manchester, UK",3
IG : kaaaseyharris,3
probably in bed,3
"Goodyear, AZ",3
"Brampton, Ontario",3
Houston,3
"Lebanon, PA",3
"Vermont, USA",3
"Portland, MI",3
"San Marcos, TX",3
"Sebastian, FL",3
"Buckeye Lake, OH",3
"Myrtle Beach, SC",3
"Mississauga, Ontario",3
"Burlington, NJ",3
U. City ,3
"Clayton, MO",3
"TUPELO,MS",3
"Temecula, CA",3
"Riverside, CA",3
"New York City, NY",3
"Greenwood, IN",3
"Scotchtown, NY",3
Gloucestershire,3
HANGGIN IN HAITI,3
"Drexel Hill, PA",2
"Potterrow, Edinburgh",2
Liverpool,2
"Scotland, United Kingdom",2
"Shakopee, MN",2
Republic of the Philippines,2
"Sylvania, OH",2
"Fruitland Park, FL",2
"Monterey, CA",2
"Placentia, CA",2
"Southington, CT",2
"ATLANTA,GA",2
"Towson, MD",2
"Juazeiro do Norte, Brasil",2
"Welsh, LA",2
"West Monroe, MI",2
"Dar es Salaam, Tanzania",2
Block ,2
Brooke High '17 ⚽️,2
"Grandville, MI",2
"Plymouth, England",2
"Norwalk, CA",2
"Pennsauken, NJ",2
"Toronto, Ontario, Canada",2
"Arlington, NY",2
"Alaska, USA",2
#LongliveJJ,2
"San Bruno, CA",2
"Mechanicsville, VA",2
"Москва, Россия",2
"Lynn, MA",2
"Brookville, NY",2
"Pauls Valley, OK",2
LA,2
"Georgia, USA |229|",2
"New Providence, NJ",2
"Watkinsville, GA",2
"Oxford, MA",2
North Carolina at present,2
italy,2
"Miami,Fl.",2
"Suri, India",2
"Bardstown, KY",2
"Setting hella goals, bruh.",2
Local Softball Field ⚾️,2
"High Point, NC",2
"Chihuahua, México",2
Dallas Texas,2
somewhere,2
"Glen Burnie, MD",2
CHI,2
Out & About ,2
"Portland, CT",2
"Minneola, FL",2
"Grayslake, IL",2
"Culpeper, VA",2
Everywhere,2
"ottawa, ontario",2
"Laguna Beach, CA",2
"Spartanburg, SC",2
"Broadview Heights, OH",2
"Rochester, NewYork ",2
"Mount Laurel, NJ",2
gloucester,2
Bristol,2
"Burbank, California",2
"Rensselaer, NY",2
"Essa, Ontario",2
"Lake Shore, MD",2
somewhere ,2
"Shortsville, NY",2
"Millington, TN",2
#tzeniahisamazing,2
toronto,2
"Rochester Hills, MI",2
"ÜT: 29.731231,-95.367257",2
"Groveland, MA",2
Upstate NY,2
"Fort Lee, VA",2
NYC/Twitteronia,2
"Columbia, South Carolina ",2
"Franklin, WI",2
"Ensley, FL",2
"Denver, CO",2
"Charleston, SC",2
"Land O' Lakes, FL",2
SouthernNotState,2
"North Hampton, NH",2
With Showtime ❤,2
"Spearfish, SD",2
"Monroe, MI",2
"Perdido Key, Florida",2
"Rochester, NH",2
"Alabama, USA (Newell)",2
"Wellington, FL",2
nebraska / arizona state,2
"Somers, NY",2
416,2
Jupiter,2
"La Puente, CA",2
"Skipton, North Yorkshire",2
RVA,2
"Galway, Ireland",2
Philadelphia ,2
las vegas,2
baseball game,2
"Chelmsford, MA",2
"Madison, IN",2
"Semarang - Tuban, Indonesia",2
"Cockrell Hill, TX",2
#TeamFollowBack,2
"Berlin, Germany",2
"Port Orange, FL",2
"Sugar Hill, GA",2
"OakLanD, Ca",2
"Dade City, FL",2
Jeddah,2
Cleveland,2
"Johns Creek, GA",2
"Jefferson, IN",2
"New York, SOBE, Grand Cayman",2
"Algonquin, IL",2
"Winston-Salem, NC",2
"Holly Hill, FL",2
Idaho,2
"Hickory, NC",2
"Rotterdam, NY",2
"Pikesville, MD",2
baranquilla colombia,2
"Doncaster, England",2
"Alpena, MI",2
"West Springfield, VA",2
"Royal Oak, MI",2
SloshCity,2
cumbria,2
New Zealand,2
"Repentigny, Québec",2
"Sellersburg, IN",2
"City Centre, Glasgow ",2
Barnsley,2
"Clermont, FL",2
"Norcross, GA",2
"Sarasota, Siesta Beach, Fl.",2
malaysia,2
"New Jersey,USA",2
The Sunshine State,2
"Jensen Beach, FL",2
Hi,2
"Great Yarmouth, England",2
Syracuse,2
Europe,2
"Hesperia, CA",2
on the track ,2
"Wallkill, NY",2
"Moreno Valley, CA",2
"Melbourne, Australia",2
"St Paul, MN",2
"Woodhaven, MI",2
"Perrysburg, OH",2
Essex,2
Neverland,2
28654,2
"Buena Park, CA",2
"Toms River, NJ",2
"Pearl, MS",2
"Mercerville, NJ",2
Zanarkand,2
"Toronto, Canada",2
"Stephenville, TX",2
"Montana, USA",2
"South Euclid, OH",2
The Left Coast,2
"Waterford, MI",2
"Bloomington, Indiana ✈️",2
NEGARAKU ,2
"Neptune Beach, FL",2
"Dahlonega, GA",2
"Alafaya, FL",2
Sunderland,2
"Cedar Rapids, IA",2
"San Juan, TX",2
"Ridgefield Park, NJ",2
Chennai,2
rest in peace dad 5/14/15,2
"Mason, MI",2
Khalil❤️,2
"Newnan, GA",2
"Newry, Northern Ireland",2
"Dallas,Tx| San Diego,CA ",2
"Cheektowaga, NY",2
"Westchester, NY",2
"Oh, Canada ",2
"Redmond, WA",2
"Plattsburgh, NY",2
Hopkins,2
"Ciénega de Flores, Nuevo León",2
MA,2
"Lakewood, WA",2
"Elmont, NY",2
"Frankfort, KY",2
fake,2
Chicagoland and lower 48!,2
"Canal Winchester, OH",2
"Harrisburg, Pennsylvania",2
"Tyler, TX",2
Beyrouth,2
"Burton, MI",2
"Opelika, AL",2
"San Angelo, TX",2
"Albany, NY",2
"Madison, OH",2
IL USA,2
INSTA: @DarrenKennedyOfficial,2
CORNWALL,2
"Markham, Ontario",2
"Harlem, GA",2
"Austin, Texas",2
Kansas ,2
"Lompoc, CA",2
"Butler, NJ",2
"Indian Trail, NC",2
"Hunter Mill, VA",2
"Geneva, OH",2
"Forked River, NJ",2
"Falmouth, MA",2
Delhi,2
BOS⏩PIT,2
"Hyson, NJ",2
"Katy, TX",2
"Manalapan, NJ",2
"Richland, PA",2
"Shrewsbury, MA",2
"North Lauderdale, FL",2
"Sunny Isles Beach, FL",2
"Bengaluru, Karnataka,india",2
"South Vacherie, LA",2
"Ocala, FL",2
Senegal,2
Emirates,2
"West Allis, WI",2
California ,2
"Huntersville, NC",2
Mulholland Drive,2
"Tulare, CA",2
"Madrid, Spain",2
"Woodmore, MD",2
"Sandy Springs, GA",2
"Grain Valley, MO",2
"South Dakota, USA",2
"Florence, SC",2
DC,2
"Muhlenberg Park, PA",2
"Greenville, RI",2
"Union, NJ",2
Steath Mode,2
the Great Wide Open,2
"Wausau, WI",2
Lakecity MN,2
"Penn Wynne, PA",2
"Spotsylvania, Virginia",2
St. Louis,2
"New Berlin, WI",2
"Latham, NY",2
"Auburn Hills, MI",2
"North Sarasota, FL",2
"Wall, NJ",2
"Boca Raton, Florida",2
"Coon Rapids, MN",2
"Lakes by the Bay, FL",2
"Boynton Beach, FL",2
"Syracuse, NY",2
"Cicero, NY",2
Bangalore,2
"Indianapolis,IN",2
"Dearborn, MI",2
probably in n out,2
East Canton,2
"Lake Elsinore, CA",2
Philadelphia Pa,2
"Hammonton, NJ",2
"White Plains, NY",2
Wooster Ohio,2
➢ 1•2•15 ❤️,2
"Marysville, OH",2
"South Mills, NC",2
"Amsterdam, Noord-Holland",2
"Largo, MD",2
"Oak Creek, WI",2
"Spring, TX",2
chasing money     ,2
"Cornelius, NC",2
"Lexington, NC",2
Houston Texas,2
"Eugene, OR",2
palm beach gardens ,2
"Cottage Grove, MN",2
Lagos,2
"A2, Michigan",2
"Jonesboro, NC",2
where the wild things are ,2
ParkPlace Va,2
"Madison, MS",2
"Scugog, Ontario",2
The Mat,2
Houston Tx,2
"Nebraska, USA",2
"Kyle, TX",2
paris,2
"Redlands, CA",2
"Newtown, CT",2
w|Jade❤️,2
brooklyn newyork ,2
San Jose,2
"Plymouth, MI",2
;),2
Курган,2
Durham Region Ontario,2
your dads pocketbook,2
info@4hrchl.com   Dayton TX,2
all over the US,2
"Chicopee, MA",2
"Garden City, MI",2
"Colonial Park, PA",2
NJ,2
the trails,2
NY,2
"Seaford, Victoria, Australia",2
J,2
"Seabrook, TX",2
"Prescott, AR",2
"Niles, MI",2
"Hamburg, NJ",2
"Greenfield, WI",2
"Lake View, NY",2
"Fullerton, CA",2
Texarkana tx,2
"Kenner, LA",2
"Bayville, NJ",2
"Stoke-on-Trent, England",2
"Bend, OR",2
Great Britain,2
somewhere not replying ,2
NCAT,2
"Marlboro,NJ",2
"Cleveland, Ohio",2
Penang,2
"Bakersfield, CA",2
Nottingham,2
"North Miami, FL",2
Fearing&loathing in LasVegas,2
streets,2
Delta Zeta,2
"Greeley, CO",2
"Elkhart, Indiana",2
ประเทศไทย,2
The field ,2
"Hampton Roads, VA",2
"Socastee, SC",2
"Pasadena, CA",2
"Jackson, MO",2
"Saint Simons Island, GA",2
Istanbul,2
"Newton, NC",2
Chicaglo,2
Hong Kong,2
"Carol Stream, IL",2
"Hampton, VA",2
"Cebu City, Central Visayas",2
probs at a concert,2
Swanley,2
"Southgate, MI",2
"Glencoe, Alabama",2
"Whipps Millgate, KY",2
"McDonough, Georgia",2
"Groton, CT",2
Somewhere in Mississippi. ,2
"Pleasantville, NY",2
"Florida, USA ",2
"Colton, CA",2
"Ocoee, FL",2
"Richardson, TX",2
Illinois,2
"Rio de Janeiro, Brasil",2
hell,2
"Kingston, Ontario",2
"Muhlenberg, PA",2
"North Druid Hills, GA",2
"Pasar Minggu, Indonesia",2
Jackson Michigan,2
the port ,2
Florida ✈️ New Mexico,2
"Old Bridge, NJ",2
"Dalton, MA",2
"Pompano Beach, FL",2
"Huntington, WV",2
"Desloge, Mo",2
"Visalia, CA",2
wichita ks,2
"Algood, TN",2
"Hillview, KY",2
Barcelona,2
"Troy, NY",2
Charlotte District Office,2
"Stanton, CA",2
"Boulder, CO",2
"Hoover, AL",2
"Channelview, TX",2
"Rowlett, TX",2
"Echelon, NJ",2
"Miamisburg, OH",2
Chicago IL / Atx / Cstx /Smtx,2
el vie envy,2
philly,2
lit,2
Germany,2
Staten Island New York,2
"Davison, MI",2
Bloemfontein - South Africa,2
"Littleton, CO",2
"Toronto, ON",2
"Kingston, Ontario, Canada",2
Orlando-ish,2
Dublin,2
"Chattanooga, TN",2
"Chula Vista, CA",2
"Hamden, CT",2
INDONESIA,2
"Hokes Bluff, AL",2
"North Babylon, NY",2
"Johnstown, PA",2
"Westfield, NJ",2
"Lady Lake, FL",2
"Warrenton, VA",2
"Aurora, Illinois",2
"Netcong, NJ",2
"Lakeland, TN",2
"Carrboro, NC",2
"York Harbor, ME",2
Atlanta | Saint Louie,2
"Beverly Hills, CA",2
East Texas Piney Woods,2
"Lorain, OH",2
"We$T, Detroit",2
"Egypt Lake-Leto, FL",2
"Claymont, DE",2
"Redford, MI",2
"Connecticut, US",2
at&t park,2
Baltimore and Flagler Beach,2
"Accra, Ghana.",2
Buffalo NY,2
MURLAND,2
"Garland, TX",2
"Santa Barbara, CA",2
Los Angeles/International,2
"Jamesburg, NJ",2
Maryland by way of W Mass,2
@weareyx,2
"Hollywood, FL",2
http://tomnipotence.com,2
w/tab ❤️,2
"Wintersville, OH",2
LA/Vegas,2
From LA to the Bay ,2
flavortown ,2
"Cedarwood Park, NJ",2
"Wooster, OH",2
new york ,2
"Pickerington, OH",2
Detroit Michigan,2
Cincinnati,2
South Florida,2
"Franklin, MA",2
"Harrogate, England",2
In Wonderland with 전정국 ❤️❤️,2
"Lithia Springs, GA",2
"Shamville, USA",2
"Paulsboro, NJ",2
"Kendall, FL",2
"Oak Ridge, TN",2
JORDAN,2
"Brook Park, OH",2
"Colorado Springs, CO",2
Northeastern Florida,2
"Novi, MI",2
"orlando, fl.",2
made In Bulgaria ,2
"Clinton, MD",2
Manila,2
"Berwyn, IL",2
Ventura County,2
"Madison, WI",2
#VIEWS,2
Mullins/Flo/FMU/Durham/NCCU,2
954,2
"SLAP CITY, U.S.A",2
"Highland Falls, NY",2
"Pataskala, OH",2
"Dothan, AL",2
"Butner, NC",2
"Arcata, CA",2
"Lakewood, OH",2
"East Haven, CT",2
"Dale City, VA",2
"Oxnard, CA",2
"Norwood, MA",2
"ÜT: 35.385887,-80.71108",2
"İstanbul, Türkiye",2
"Beattystown, NJ",2
"Rockville, MD",2
"Portsmouth, VA",2
LOS ANGELES,2
"Hurricane, WV",2
"Mesa, AZ",2
"Paramount, CA",2
"Odenton, MD",2
330,2
"Travelers Rest, SC",2
Indianapolis,2
"Biloxi, MS",2
"Wheeling, WV",2
"Gatineau, Québec",2
"Lexington, SC",2
アメリカ,2
727✈️....,2
"Chillicothe, OH",2
Almighty Jah,2
"Owen Sound, Ontario",2
Northern Ireland,2
everything is copacetic,2
"Read Receipt-No Reply, TX",2
galaxy,2
"Saugerties, NY",2
w. ky,2
you thought I was nice,2
"Connerton, FL",2
Southend-On-Sea,2
"Portage, WI",2
"Clovis, CA",2
"Kendale Lakes, FL",2
"Crystal Lake, IL",2
"Bay Shore, NY",2
586,2
"Geneva, Switzerland",2
NYC ,2
"gloucester, uk",2
"Liverpool, UK",2
"Marianna, FL",2
"Norwich, CT",2
fort lauderdale fl,2
"hamden,ct",2
"Southglenn, CO",2
"Pelham, NH",2
"PLUG CITY, Maryland",2
"Monterrey, Nuevo León",2
WS9 8HB,2
"Fresno, California ",2
"Brookfield, WI",2
"Beavercreek, OH",2
"Aldan, PA",2
"Tifton, GA",2
"New South Wales, Australia",2
mia,2
Badlands,2
"Roanoke, VA",2
"Texarkana, TX",2
"Newcastle, Australia",2
325,2
"Madison, GA",2
"Moscow, ID",2
Southern California,2
"Owings Mills, MD",2
"Hackettstown, NJ",2
indy,2
"Chico, CA",2
Earth,2
"Franconia, VA",2
"Elk Grove, CA",2
"Chicagoland, IL",2
"Oakhurst, NJ",2
"Niagara Falls, NY",2
"Bellevue, OH",2
"Blackman, MI",2
"Reston, VA",2
"Jefferson, OH",2
"New Hudson, MI",2
"U.S, India, A.P",2
"Aberdeen, WA",2
"Grambling, LA",2
"New Baltimore, VA",2
"Carlisle, PA",2
Indiana,2
"Haunted Mansion, Magic Kingdom",2
"Ferndale, MD",2
"St.Sadurní d'Anoia, BARCELONA",2
nodismymusic@gmail.com,2
"Cartersville, GA",2
"Port Clinton, OH",2
"Jackson, MS 39201",2
"Wauwatosa, WI",2
Thailand,2
"Windsor, Ontario  ",2
"Rainbow City, AL",2
"Springdale, MD",2
In the gym ,2
"Hollywood, CA",2
"Fenton, MI",2
"Queensland, Australia",2
"Franklin, TN",2
"Royal Palm Beach, FL",2
"Quito, Ecuador",2
"Sky Lake, FL",2
Bangkok,2
"Palm Beach, FL",2
0826,2
"King of Prussia, PA",2
"Hinesville, GA",2
"Atlanta, Ga",2
"Fleming Island, FL",2
"Tallahassee, FL",2
"Calumet City, IL",2
"Leyland, Lancashire",2
"Waukesha, WI",2
"Orion, MI",2
"Carlisle, OH",2
#BBN,2
"Voorhees, NJ",2
"South Burlington, VT",2
"Vestavia Hills, AL",2
"Dunlap, IN",2
"Silver Spring, MD",2
Robstown,2
"Macon, GA",2
"Winter Haven, FL",2
VA,2
"King, Ontario",2
"Brent, FL",2
US,2
"Fort Worth, Texas",2
"Willard, OH",2
"North Royalton, OH",2
"Holly Springs, NC",2
where you vacation,2
"North Port, FL",2
Jersey ,2
"Safety Harbor, FL",2
"Passaic, NJ",2
Detroit,2
"Fort Myers, FL",2
"Haltom City, TX",2
Views From The HTown ,2
places,2
[D]MV,2
Solution Bail Bonds,2
"Oak Grove, SC",2
"Montreal, QC, Canada",2
"Fallston, MD",2
"District of Columbia, USA",2
"Oneonta, NY",2
"Bethesda, MD",2
Paris Nord Est 75 - 93,2
"Harrison, NY",2
"Wayne, NJ",2
probably at a concert ,2
"Palm Desert, CA",2
"Chillum, MD",2
"Spencer, MA",2
Riyadh,2
"Crugers, NY",1
"Maynard, MA",1
"La Union, Ph",1
Rotherham,1
cc varisty tennis,1
"Jeffersonville, IN",1
Brinsworth,1
atlanta / berlin,1
Toledo,1
"Idylwood, VA",1
"North Arlington, NJ",1
Alvin Historical Museum,1
Athlete University,1
"Daleville, PA",1
♋️ berkshires,1
"West Lake Stevens, WA",1
"New Brunswick, NJ",1
"Raymondville, TX",1
Cincinnati - St. Pete,1
"El Dorado Hills, CA",1
"York, North Yorkshire",1
"Bethany Beach, Delaware",1
"Woodside, Queens",1
Ella's Heart,1
"Woodville, OH",1
"Loughborough, England",1
abcdefsys,1
jacy,1
"Heidelberg, Baden-Württemberg",1
"Nashua, NH",1
Mexico / Colombia ,1
"Colchester, Essex, England",1
"La Grange, KY",1
my spaceship,1
"Suncook, NH",1
DirtySouth Houston. Iowa,1
D{Maryland}V,1
Houston/Miami/Sierra Leone. ,1
"Bellingham, WA",1
N/W Pennsylvania,1
"Alliance, OH",1
my house,1
San Francisco & Dubai,1
"Gardena, CA",1
Ga,1
"Carrollton, Texas  75007",1
"Edgewater, CO",1
Sunrise,1
"Em', Sarah, Mimi",1
"Whitby, Canada",1
ورا العالم,1
"Yardley, PA",1
banyuwangi - malang,1
"Lakeway, TX",1
"North Bethesda, MD",1
Its a London thing ,1
"Belfast, Northern Ireland",1
Kuala Lumpur/Malaysia,1
"Orange, OH",1
"Lahad Datu,Sabah,Malaysia",1
"Marshall, TX",1
Lil place called Earth //14//,1
"George Mason, VA",1
"Earth, Columbus Ohio",1
kaduna,1
"Palatine Bridge, NY",1
(404) 436-1733,1
United States of America,1
"Low Country, SC",1
"Madison, Mississippi",1
"Weeki Wachee, FL",1
"Melrose, MA",1
troy & cincinnati,1
c a l p o l y,1
"Williamsburg, Brooklyn",1
"Lawton, OK",1
"New Baltimore, MI",1
NoVA,1
❤️,1
"Anaheim, CA",1
pursuit,1
Bangku Paling Belakang,1
perry heights,1
"Columbus, Michigan",1
"Saddle Brook, NJ",1
Jared ❤️,1
"Cortland, NY",1
"Scottdale, PA",1
NoVa,1
"Ижевск, Россия",1
Wonderland,1
The Lower 9th Ward Village,1
Doncaster,1
boolan,1
⁶,1
city of cebu,1
"Concord, NH",1
521. ,1
199X,1
"Bangalore,Karnataka,India",1
England/USA,1
newton falls ,1
Wales,1
Fucked Up In The Sheek,1
monterrey NL,1
glhs,1
"Gloucester, UK",1
Traveling Currently. ,1
"Sunset, FL",1
"Escondido, CA",1
Bookham & surrounding areas.,1
on a boat,1
"Lake Ronkonkoma, NY",1
Buffalo,1
"Hartwell, GA",1
"Kingsgate, WA",1
myrtle ,1
"falmouth, ma",1
tha' ville  ,1
Inside a rail car...,1
"陕西, 中华人民共和国",1
Here by the sea.,1
New York City & Worldwide,1
Deutschland,1
Bilbao,1
"Los Angeles, Ca 90049",1
Dallas/Fort Worth,1
"Princess Anne, MD",1
nky,1
"Lyndhurst, NJ",1
"leicester, ma",1
"Haviland, NY",1
md,1
"Lodi, NJ",1
Fredco,1
Planet✘፨Hnymn Av.፨Wonderland,1
"Canada,Toronto",1
"Georgetown, NJ",1
Colombia,1
Ambitious World,1
"East Fishkill, NY",1
'Straya mate! ,1
"Stamford, Connecticut",1
ibantot,1
"South Monroe, MI",1
West Palm Beach,1
Zuera (Zaragoza),1
Enter your location,1
"Holden Beach, NC",1
"Gurgaon, Haryana",1
"Tysons Corner, VA",1
"Annapolis, MD  USA",1
"Pawleys Island, SC",1
Phoenix,1
the place every1 has,1
LJ,1
"Turnersville, NJ",1
around ,1
Pennsylvania Amish Country,1
"Des Plaines, IL",1
The Hospital ,1
Bululawang Malang,1
"Willowick, OH",1
"Miami, Fl.",1
"Amsterdam, North Holland",1
"Elizabethtown, PA",1
osomatsu fucked me on this,1
"Weweantic, MA",1
"Cape Cod, Ma",1
"Berkeley, CA",1
Heaven (aka Iowa),1
Norwich,1
"Lehigh Acres, FL",1
"Clapham, London",1
Isla de Margarita,1
"Triple D, Flexas",1
"Manheim, PA",1
"Yalaha, FL",1
parrish fl,1
"Los Gatos, CA or Vancouver, BC",1
"Bloomington, IN",1
London & Nationwide,1
london,1
Solo on Jupiter ,1
Belfast,1
"Racine, WI",1
"King's Row, London",1
"East Dubuque, IL",1
"Forestdale, MA",1
Di samping kamu,1
PH ✈ TN ✈ CA || ,1
"Doylestown, OH",1
Knoxville ,1
"Springdale, NJ",1
"Michigan Center, MI",1
"Sachsen-Anhalt, Deutschland",1
"Leavittsburg, OH",1
"Northeast, by way of the West",1
"Waco, TX",1
4/5 Janoskians' timelines ♥,1
"Park Forest Village, PA",1
"Hiroshima-shi Naka-ku, Hiroshi",1
"Ketil, Kelantan",1
"Cambridge, UK",1
"Milton, WV",1
"Reading, OH",1
City of Light,1
"Scottsdale, AZ",1
blue neighborhood,1
"Immokalee, FL",1
Commerce by the grace of God,1
Glambition Girl,1
"Milton, WI",1
Foothills of Arkansas,1
"manalapan, new jersey",1
"iPhone: 29.221886,-98.801620",1
Rich Familia/PlugScholars,1
"Maple Heights, OH",1
Don't Worry About Me,1
"fuck off man, I'm busy ",1
"Las Vegas, USA",1
Catholic ,1
NJ➡️IL➡️??,1
"Sound Beach, NY",1
"La Grange Park, IL",1
H O U S T O N ,1
"South Miami, FL",1
"Tuskegee, AL",1
Grape Ape anywhere you need ,1
Northamptonshire,1
"Newark, NY",1
within me,1
"Fuckingham Palace, London",1
"Chicago, Illinois",1
"Orange Park, FL",1
"Mobberley, England",1
"Farmersville, Ohio",1
"Lauderdale Lakes, FL",1
"Long Beach, NY",1
"Willimantic, CT",1
Otra Indy ♡,1
"Upper Marlboro, MD",1
"Ocean Springs, MS",1
347|919,1
South Lyon,1
"Campbell, CA",1
"Dracut, MA",1
"Orangeville, Ontario",1
she/her/herself,1
" Born & Raised Midwood, Brooklyn now JerseyGurl ",1
arizona,1
"Kalispell, MT",1
"St. Louis, MO USA",1
"Pinecrest, FL",1
"Medford, MA",1
"Underwood, IA",1
"Prince Frederick, MD",1
Den Haag,1
"Gaithersburg, MD",1
Wonderland ✈ Never Land,1
"Millville, New Jersey.",1
long island,1
"ÜT: 39.63782,-86.129248",1
"กรุงเทพมหานคร, ประเทศไทย",1
Knoxville,1
"Gaborone, Botswana",1
paradise ,1
wolverhampton,1
  datin sri d umahh ku...♡♥♡,1
"Hazard, KY",1
"Brunswick, Germany",1
"Amphoe Dan Chang, Changwat Suphan Buri",1
L E E D S ~ ☕️    ,1
"Brasília, Distrito Federal",1
二つの輪っかの上,1
Manhattan. ,1
faded at the tiki bar,1
"Tanjung Priok, Indonesia",1
"Lima, OH",1
@princessnunuuu❤️   ,1
"Hopkins, MN",1
"St. Cloud, MN",1
"Seven Springs, FL",1
Text Me: +1-512-384-0100,1
"Bon Air, VA",1
"Audubon, PA",1
fairfax; va.,1
"Coralville, IA",1
Kairos XCII,1
"Southchase, FL",1
"Richmond, MI",1
"Ohio, PA",1
Markham,1
"Hartland, MI",1
NOLA➡️HTX➡️CCTX,1
"Suffolk, VA",1
Brisbane | GoldCoast | Nth NSW,1
Tennessee☀,1
"Phoenixville, PA",1
"Montgomery Village, MD",1
THIS IS ANFIELD ,1
"Pinellas Park, FL",1
"Florida & Manchester, England",1
DM(V),1
 MICHIGAN,1
neymar faved me,1
"Buford, GA",1
"atlanta,ga",1
SFSU ⚾️,1
"West Bloomfield Township, MI",1
nbtx. ,1
"Palm Coast, Florida",1
Utica!,1
Lincoln,1
"north lauderdale ,fl ",1
"York, England",1
"#DK,NY14048",1
Buffalo Airport,1
"Harris Hill, NY",1
"Ibaraki, Japan",1
"Winamac, IN",1
Accra Ghana,1
"LOS ANGELES, CALI",1
geekland ,1
Lincolnshire,1
ESPAÑA,1
"Bad Segeberg, Deutschland",1
san diego,1
Focused!!!,1
"Las Vegas, NV ",1
 LONDON,1
Stoney Stanton,1
"Bladensburg, MD",1
"Manchester, NH",1
in fair verona,1
Building...,1
"Mason, OH",1
"Germantown, OH",1
momma kirstans ,1
"Washington Heights, Manhattan",1
LDHS '16 • VT '20,1
Savannah Georgia,1
"Cleveland, TN",1
"Glasgow, KY ",1
"Weymouth, Dorset, UK",1
"Muskegon, MI",1
Alabama,1
Colombo Sri Lanka,1
"Montague, MI",1
KC NATIVE | UNL '19 | ❊ΑΧΩ❊ ,1
CHS ♚Senior♚,1
"Hampton, GA",1
"Genoa, MI",1
"Merritt Island, FL",1
"North Region, Singapore",1
"East Hartford, CT",1
Arlington VA (DC Area),1
"Walnut, CA",1
Blowsburg,1
Catterick Garrison,1
"In Ireland, serving the globe!",1
"Fargo, ND",1
Out Makin Money,1
"Springfield, PA",1
"England, Australia, America",1
With Bucks ,1
"MIAMI, FL",1
"Coral Terrace, FL",1
"Bogor, Indonesia",1
y tho,1
"In My Own Lane, Boston, Ma",1
Apex Friendship High School ,1
the cove,1
"Wantage, New Jersey",1
02368 ,1
Bangkok/Thailand,1
"Bristol, England.",1
God's Country,1
"Orchard Park, NY",1
"Murray, UT",1
I N D O N E S I A,1
302 & 410,1
"Washington, USA",1
"jacksonville,Fl",1
814 |,1
203✈️919 ,1
540,1
541,1
"Marina Del Rey, California",1
"Saint Charles, MO",1
"Belmont, NC",1
Northern Kentucky,1
"Delta, Nigeria",1
"Rising Sun, MD",1
Near & Far,1
"Highland Village, TX",1
"Lyon, France",1
new york city,1
"Mableton, GA",1
"Long Island, NY ",1
"Bainbridge Island, WA",1
"Oxford, Ohio",1
Perth ,1
"Nuevo León, México",1
"Portage, MI",1
"DDD, TX",1
"Wigan, Lancashire, UK",1
Locating...,1
"Wood-Ridge, NJ",1
"Herbertsville, NJ",1
CSUB/R.I.P YAMBORGHINI,1
En el Fistiripopeo,1
Bojonegoro.Malang.LFC,1
Gen3,1
"St Peters, MO",1
"England, Hampshire.",1
岐阜〜三重,1
"Carrollton, Georgia",1
"Jeannette, PA",1
124 Conch St. ,1
@JAX' heart,1
"Chesterfield, SC",1
DMV,1
UMASS Dartmouth class of '19,1
Lake Stevens,1
The pit of dispair.,1
"Peterborough, ON, Canada",1
"Natick, MA",1
"Chesapeake, VA",1
pchs,1
"Hawthorne, CA",1
SC : names.alyssa,1
日本 福岡,1
"Fort Worth, TEXAS",1
"Wyoming, MI",1
"Mount Clemens, MI",1
warsaw pl,1
Universe City ,1
On my square...,1
"Норман,ОК",1
"North Little Rock, AR",1
Las Vegas & Atlanta,1
"Montreal, Quebec, Canada",1
"Dallas, PA",1
"Allen, TX",1
"Brownsburg, IN",1
"Buenos Aires, Argentina.",1
Manchester ,1
in your gym. ,1
Grignasco,1
Erbil,1
Indonesia ,1
east coast,1
"Brooksville, FL",1
holding ben's hand,1
"Thomasville, NC",1
"Chantilly, VA",1
"Bolton, United Kingdom",1
Alabama  California  Texas,1
Accra New-town ,1
"Norman, OK",1
"Tewin, Hertfordshire",1
Trust God.,1
"On a Trip, Soul Society.",1
"DETROIT, MICH",1
"Phillipsburg, New Jersey",1
"Kenmore, NY",1
The North,1
Conch Republic & Blue Ridge,1
Boston❄️ // Florida☀️,1
251,1
"Longwood, FL",1
"North Washington, CO",1
"Wakefield, MA",1
"Morgantown, West Virginia",1
"Wantagh, NY",1
Viedma,1
Georgia,1
Tokyo,1
Pennsylvania,1
#birmingham UK ,1
 Antwerp - Belgium .EX-Brit ,1
"Morristown, TN",1
"McAllen, TX",1
"DeBary, FL",1
CT,1
"Waynesville, NC",1
"33.639175,-84.436087",1
"Shirley, NY",1
Scranton ➡️Philly➡️NYC,1
"Wadebridge, Cornwall, UK",1
"West Miami, FL",1
Rockville,1
"Orange, NSW",1
"Columbus, Ohio, USA",1
"Musashimurayama-shi, Tokyo",1
"Starkville, MS",1
"Whitehouse, OH",1
seattle grace mercy west,1
"Laplace, LA",1
WAVY-TV 10 Studios,1
"Lionville, PA",1
"Lawrence, KS",1
harmony's ❤,1
"Davie, FL",1
southeast london,1
SFASU ΑΧΩ/UNT,1
"Lake Orion, MI",1
"Sydney, New South Wales",1
"Dorval, Quebec, Canada",1
Delco,1
"Bellflower, CA",1
West Yorkshire,1
purple town,1
"Dunwoody, GA",1
"Mt. Ulla, NC",1
"Hudsonville, MI",1
NaomiSmallsSnatch,1
"Fern Creek, KY",1
"Hermosillo, Sonora",1
"Blutch Bity, Tx ",1
"Paw Paw, MI",1
"Charlotte, NC ",1
"Bealeton, VA",1
NH Seacoast,1
"Rosemead, CA",1
Suisse,1
"Dagsboro, DE",1
"Morristown, NJ",1
"Tønder, Syddanmark",1
"Central, LA",1
NAU ΛΦΕ,1
H O U S T O N ✈,1
"memphis, tn",1
Thailand ,1
West 22,1
West Virginia ,1
"Milton, GA",1
NC/CA/MX,1
"Miami, FL | Tampa, FL",1
Mysore,1
"Toledo, OH ✈️",1
somewhere with Jacob ,1
"Keystone, FL",1
"Endicott, NY",1
"Corpus Christi, Texas",1
Downingtown ↔️ Philadelphia,1
belfast,1
"Lagrange, OH",1
"Pendleton, IN",1
♡beth+rpd+jw+tzag♡,1
"Goldenrod, FL",1
"Wesley Chapel, FL",1
destiny islands.,1
"South Orange, NJ",1
"Georgetown, TX",1
"Middlesborough, KY",1
"Bountiful, Utah",1
Louisville.Ky,1
"Gent, België",1
"Manchester, England.",1
Tampa,1
"Hawaï, USA",1
"Morningside, MD",1
"Pointe-aux-Roches, Ontario",1
Bum'n it out everywhere,1
"Hebron, TX",1
"Los Gatos, CA",1
"Airmont, NY",1
"Des Moines, Iowa",1
Towson U '17,1
"Largo, FL",1
Arkadia,1
"Querétaro, Querétaro Arteaga",1
"Greater Northdale, FL",1
"LivingLand,ForeverHadiya",1
Joao Monlevade,1
Truffle City ,1
VIEWS,1
Schleswig-Holstein,1
 #cosbycheer ,1
"Danbury, CT",1
"Traverse City, MI",1
"Greenwich, NJ",1
Traphouse,1
"Whitchurch, Bristol",1
"Omaha, Nebraska",1
justin follows - #PWT 27.09 ,1
France - Haute Normandie,1
Bangladesh,1
South Bound,1
Rowley regis ,1
Ohio Dominican University,1
Santa Cruz de Tenerife,1
#UCO19,1
DELCO w/J.COLE..,1
"Richmond Hill, GA",1
9s,1
chitown,1
Dundee SCOTLAND & Hudson NY,1
"Tarboro, NC",1
"Bronx, NY 10466",1
20 / Los Angeles / U of A '17,1
somewhere theres alcohol ,1
"Odessa, FL",1
winnipeg / exploring.,1
It´s me,1
"Ellettsville, Indiana",1
"Westport, CT",1
The 207,1
"Auburn, AL",1
North America,1
"João Pessoa, Brasil",1
"Newham, east London",1
MOULTRIE,1
"Zabrze, Śląskie",1
"Prospect, CT",1
urk ,1
CDMX,1
Somewhere taking an L,1
D109,1
Wolverine State,1
CWU ,1
"Piedras Negras, Coahuila de Zaragoza",1
"Montreal, Canada & Dubai, UAE",1
Di hangatnya suasana Indonesia,1
Mcdonalds,1
w.Kelia,1
Kansas City ,1
NYC-NY-USA,1
CEO MYY เอ็มวายวาย,1
Dallas,1
"Odessa, TX",1
Chihuahuense,1
"Maine, USA⠀⠀⠀⠀⠀⠀⠀",1
"Pismo Beach, California",1
where ever,1
hazardfbcpastor@windstream.net,1
"Media, PA",1
Cheltenham UK,1
"Champagne Coast, California",1
"Lawrenceburg, IN",1
"New Whiteland, IN",1
"43.470658,-80.542683",1
U.S. and Canada,1
"South Texas to Athens, GA",1
Reef Alumni | 18,1
"Worcester, MA ",1
"Salt Lake City, Utah",1
"Florida City, FL",1
"Penfield, NY",1
US & UK,1
Lancaster PA USA,1
"Somerset, NJ",1
"Thomaston, CT",1
"Rome, NY",1
"JACKSONVILLE, FL",1
Village of the Hidden Y-3,1
603 ,1
"Hamilton, OH",1
"UK, Australia, Singapore, ",1
"Mouton Cove, Abbeville, LA",1
"Toronto, Canada ",1
"ÜT: 43.64333,-79.39379",1
"Ogden, UT",1
"London, N16",1
In a cardboard box ,1
"Vernon, CA",1
ig : @clwtx_,1
JOÃO PESSOA - PARAIBA - BRASIL,1
SouthWest,1
Wauchula,1
kind of above midtable atm,1
Central  Oklahoma,1
"Everett, WA",1
"Ronkonkoma, NY",1
"Marquette, MI",1
[Art by the great Real XIII],1
"Geneseo, NY",1
Carmarthen - Wales - UK,1
"Pallet Town, Kanto",1
"Shafter, CA",1
stateroom 8024,1
"Milanello,italia",1
"Columbia City, IN",1
nh,1
nj,1
NYC & San Francisco,1
"Bayside, WI",1
Hamilton Ontario Canada,1
"Valencia,España",1
"Georgetown, KY",1
Tradewinds,1
CHYNA WWE FOLLOWED ON 1/1/16,1
•|i|• Ø i+! ].[,1
w ken dawg,1
"Grayson, GA",1
Jakarta,1
Honkytonk University,1
"Boylston, MA",1
"Pasco, WA",1
"Smithfield, VA",1
"Cbus, Ohio ",1
Edinburgh,1
"Montgomery, AL",1
"Albolote, Granada",1
That Other Catholic School,1
Aberdeen,1
"Paxtonia, PA",1
North East England,1
Bendera Merah Putih loved,1
"San Jacinto, CA",1
Shropshire,1
usually somewhere in the US,1
"Storrs, CT",1
Bay Area,1
765 - 260,1
"Dania Beach, FL",1
"Berkley, MI",1
"West Freehold, NJ",1
"Enid, OK",1
"Dover, UK.",1
Portsmouth....,1
"Eagle Lake, FL",1
LOS ANGELES    ,1
"Chestertown, MD",1
selling NJ 1 home at a time!,1
"Abuja, Nigeria",1
"Swedesboro, NJ",1
"Loveland, OH",1
Winning,1
"Richmond, KY",1
Global. ,1
"Huntington Station, NY 11746",1
"Millersburg, OH",1
The Cliffs of Snark,1
"Yorkshire, VA",1
Brampton - Ontario - Canada,1
In your phone,1
Neath,1
National Radio Show,1
The Angels,1
"Fremont, CA",1
Currently Resides: Jedi Temple,1
"Seattle, Washington",1
Westminster,1
"Wayne, MI",1
"Green Run, America",1
"Sunset Valley, TX",1
MNL,1
"Pittsfield, MA",1
"Murrieta, CA",1
"Bedford, VA",1
"ÜT: 14.0700034,121.3237492",1
"Sag Harbor, NY",1
vegas,1
"Erlanger, KY",1
GW Bridge,1
w lily ◡̈ ,1
"Citrus County, FL",1
Jersey,1
land of the BBC,1
i dont know ,1
"Cumberland, MD",1
"Spring Hill, FL NCT ",1
North of the Bank,1
with smurfy ,1
"Lakewood, Ohio 44107",1
"Bekasi Selatan, Indonesia",1
Fort Lupe,1
"Jepara -6.966667,110.416667",1
"Meriden, CT",1
burg,1
guerstling,1
"Phoenix, Arizona",1
"Halifax, MA",1
Loudon TN,1
MN - twitch.tv/Drbluejay,1
htp,1
"Al Mahboula, Kuwait",1
"Athol, MA",1
"A galaxy far, far away",1
Somewhere Working Out,1
No Where.,1
The Frozen North ,1
Be Happy.,1
"Fugèreville, Québec",1
Wisco,1
Surrey and London,1
Santa fe San Lorenzo,1
"McLean, VA",1
"Hattiesburg, MS",1
"Santa Catarina, Nuevo León",1
hello wisconsin ,1
"Dubuque, IA",1
Scottish Borders,1
"Raleigh NC, Booty Club ",1
싱가포르 ,1
Cape Town,1
Boston living Buffaloving,1
FVSU/Ga Southern,1
"Rutland, England.",1
GoArmy,1
Planet Pink ,1
"Noida, Uttar Pradesh",1
Liverpool & Shrewsbury,1
MD,1
"Cairo, IL",1
Gilbertsville from Souderton,1
Tampa Bay,1
Portugal,1
20SIXTEEN,1
6500,1
MI,1
"Watkins Glen, NY",1
Bangkok Thailand,1
"Charleston, IL",1
"Matthews, NC",1
"toronto, ontario",1
"Seoul, Korea",1
"Amarillo, TX",1
"ÜT: 28.564079,-81.220542",1
flhs ,1
American Redoubt,1
Dar es Salaam,1
Wack Ass Holly ,1
Ground Zero for Trump in MA,1
I'm On My Way...3 Hours Later ,1
Sprucedale Ontario Canada,1
"Idalou, TX",1
"Rochester, NY & Manila",1
angge irah seph erika,1
with the kabby kru™,1
Super Mart,1
Southern California ,1
Monkey Island,1
Lundun,1
"Rio Grande City, TX",1
"Boardman, OH",1
"Milford, DE",1
東京,1
anywhere. ,1
"Greenwich Village, Manhattan",1
Chesaning,1
"Balikpapan, Kalimantan Timur",1
"Millburn, NJ",1
"Valley Station, KY",1
"Lakeland, MI",1
FREE ULY Eastside HTX,1
Rhymney Valley,1
"La Calera, Colombia",1
"Woolooware Rd, Woolooware NSW",1
Kazan,1
"9620 Bird River Rd, Balto, Md",1
Orlando,1
mansfield,1
Hutto/Texas,1
"Toledo, Ohio",1
Hogwarts ,1
"Goleta, CA",1
Montreal,1
Pseudopod Towers,1
SMC Maryland ,1
"Greenwood, SC",1
"Stone Mountain, GA",1
"MNL, PH",1
"Layton, UT",1
Right where God wants me!!!,1
"Narragansett, RI",1
Beautiful South,1
Siracusa ,1
"NY, NY",1
Blackstone Valley MA,1
everywhere.somewhere.nowhere,1
"Dorchester, Mass. ",1
Probably Working,1
"MA, USA",1
VA • Miami,1
"Princes Risborough,Bucks",1
"Bristol, UK",1
"McComb, Ms.",1
John 13:7 | Varsity Cheer,1
Barnsley UK ,1
Lava Gang ,1
"Kyoto-shi Ukyo-ku, Kyoto",1
TOP 1 EGO #PS4 ,1
"Cavinti, Laguna",1
Mississauga,1
somewhere in ct,1
"San Antonio, Texas",1
"Madera, CA",1
"Kingston, PA",1
making moves ,1
"Hudson, MA",1
on a trip ,1
"Torino, Piemonte",1
"Milton, PA",1
restjus10❤️,1
"College Park, Florida",1
"London, ON",1
NC via Alberta via SC,1
sc: jelianperez,1
fhs '17,1
dreamland,1
Thee Throne,1
Dallas •|• C-Stat,1
"Gorleston, Norfolk, UK",1
"Montreal, QC",1
Texas/NYC,1
"Philadelphia, PA. USA",1
"Warrington, England",1
"Scotia, NY",1
FILA,1
"Lyallpur, Pakistan",1
"Grudziądz, Poland",1
your moms house ,1
"Pontotoc, MS",1
"Sussex County, New Jersey ",1
"Taylor Creek, OH",1
"Normandy Shores, FL",1
"6-1081 Meyerside Dr., Miss. ON",1
"Baltimore, Maryland",1
"Oxford, England",1
"Edinboro, PA",1
"Aberdeen, Scotland",1
Birmingham / London,1
West Virginia,1
"Harrisonburg, VA",1
"Lewiston, NY",1
midsboro ,1
"houston , TX ",1
"Hampton Manor, NY",1
"Middlesex Centre, Ontario",1
"Stratford, NJ",1
"Martinsburg, WV",1
with Devin,1
"Basingstoke, England",1
way up ,1
Dirty Dyt ,1
"Orlando,FL",1
"Camp Springs, MD",1
Brooklyn Baby ,1
"İzmir, Türkiye",1
Pittsburgh,1
West Midlands UK,1
"Villa Rica, GA",1
Listening to the airplanes,1
13 Mile & Woodward,1
Kenya,1
"Edison, NJ",1
"Manchester, MO",1
"no privacy, tx",1
So.Cal(661) ~ Sin City(702) ,1
"Teaneck, USA",1
ur phone,1
"Shreveport, LA",1
"Edinburgh,Sheffield,London",1
follow me on SC @the_littlekat,1
"Vero Beach, FL",1
"Sandwich, MA",1
Mexico,1
Des Moines IA,1
"Greenville, PA",1
[704] NC,1
"Puerto Rico, USA",1
ⓑⓞⓡⓝⓔⓞ,1
Everywhere & Nowhere,1
"Falmouth, VA",1
Gemeente Laarbeek,1
New York City and Sag Harbor,1
Jamaica | Florida | New York,1
kcmo,1
"Kokomo, Indiana",1
"Conyngham, PA",1
George Jenkins High School,1
"Raleigh, North Carolina",1
México DF,1
"Canton, MA",1
"La Quinta, CA",1
"Waterford, CT",1
225/225 ,1
#catholic Commonwealth of VA,1
"Leominster, MA",1
"CS GO: Inferno, Dust II",1
"Round Rock, TX",1
"Fond du Lac, WI",1
"Johnston, IA",1
Raipur ,1
"Zaragoza, Aragón, España",1
zac,1
Asia,1
"Jacksonville Beach, FL",1
"Harris County, Texas",1
"Atco, NJ",1
ont,1
Grey Sloan Memorial Hospital ,1
"Neptune City, NJ",1
"North Atlanta, GA",1
The Valle,1
Sands Expo Convention Center Hall A,1
"New Lenox, IL",1
"Florence, AL",1
"DuPage/Will County, IL",1
"Pulaski, VA",1
"Indianapolis, IN/In Your Radio",1
"Richmond Upon Thames, UK",1
Brighton AND Hove,1
"Salamanca, NY",1
vallisoletano en Madrid ,1
"Austin,TX",1
"Las Vegas, NV. UNLV Film Dept.",1
I actually hate running,1
teaneck,1
"greenbrier county, w. virginia",1
Colts Country/Pacers Plains,1
"Tagaytay, Calabarzon",1
"Jacksonville, Fl.",1
Colorado,1
"Rishikesh, India",1
"Outside of Boston, MA",1
"Kent, OH",1
working at a senpai cafe,1
Bankkok Thailand,1
Boolin Where it ain't Safe.,1
"Provo, UT",1
Empoli (FI) Italy,1
♡em♡mharvey♡kay♡tay♡,1
"Mount Vernon, NY",1
207 / 718,1
"Tamil Nadu, India",1
"Thornton, CO",1
"Clark, NJ",1
"Culver City, CA",1
"Levittown, NY",1
wru parabatai @ftmhgml,1
sc - hayitsrae,1
"Bayonne, NJ",1
"Pico Rivera, CA",1
lagos island,1
"Dewey Beach, DE",1
空中都市（三重）,1
Venezuela,1
talking ,1
AK 47,1
"Peabody, MA",1
"Salem, OR",1
"Winter Park, FL",1
Zambia,1
"Windemere, TX",1
"Bogotá, Colombia",1
"South West, England",1
"Montreal,Częstochowa,El Belved",1
"Gurnee, IL",1
"Swords, Dublin, Ireland",1
"Glasgow, Scotland",1
scotland ,1
207,1
K.B.T✨,1
"Plant City, FL",1
The Paramount,1
the beat go off? ,1
"La Riviera, CA",1
"Charlestown, MD",1
Oklahoma City,1
"Cinco Ranch, TX",1
SW Connecticut,1
"Warszawa ,Mokotów,Ł3",1
twice • mamamoo • red velvet,1
Amsterdam,1
Louisiana ,1
madison,1
"Edgewood, MD",1
"West Campus, Austin",1
City that never sleeps,1
"Miami Shores, FL",1
茉莉花里面,1
Pampanga,1
"Clear Lake, IA",1
"Mumbai ,IND",1
Langley '18,1
Only Click To Buy! UK OR USA,1
"Fairfax Station, VA",1
✈,1
"Minneapolis/St. Paul, MN",1
Red Hour Films - Los Angeles,1
"Pflugerville➡️Stephenville, TX",1
"Gainesville, VA",1
in Trey Songz bed ,1
Würenlos Schweiz,1
"Norwich and London, UK",1
7.1.13,1
11.7.15,1
"Knoxville,TN",1
The White House,1
"Ames, IA",1
"Houston, Texas ",1
"Hobart, IN",1
seremban,1
Chicago • Miami,1
#732,1
"Lake Lucerne, FL",1
Wirral,1
Manchester/Sheffield,1
"Richmond, Surrey, UK",1
NY/FL   #BLACKTRANSLIVESMATTER,1
tdot,1
"Zagreb, Croatia",1
"Middleborough Center, MA",1
"Los Angeles county, CA",1
"Oro Valley, AZ",1
"St Cloud, MN",1
"Valparaiso, IN",1
Teshie Estate no. 3 Oak Street,1
"Harlem, USA",1
somewhere with josh,1
Central and Northern Wisconsin,1
"Calle Real, Santa Barbara, CA",1
"Muncie, In",1
"Vandalia, OH",1
Kaduna ,1
Bostonian (living in suburbia),1
Word of a Gator in the Potomac,1
"Englewood, NJ",1
"Екатеринбург, Россия",1
Clondalkin,1
Iowa,1
"Brunswick, GA",1
peter 4:8,1
Northcliff Johannesburg,1
"Norristown, PA",1
"McConnell Air Force Base, KS",1
M.U.F.C - Ireland,1
GHS '17 // sc: x16sydneynicole,1
"Coventry, England",1
"London,On",1
"Richmond, IN",1
ΔΓ ,1
"Lakeshore, Ontario",1
"Piqua, OH",1
"Willow Grove, PA, USA",1
Somewhere in Europe,1
"Bedford, TX",1
Psalms 37:4,1
Kano,1
"Pelham, Ontario",1
"Peterborough, Ontario",1
God's Land,1
"Redondo Beach, CA",1
"Marshfield, WI",1
Grosse Pointe Woods,1
"Chicago & Lake Forest, IL",1
"Αττική, Ελλάς",1
ONLYBROKENIGGA$HATE,1
"Kennesaw, GA",1
Birmingham x Surrey,1
"Marrero, LA",1
Somewhere passed out,1
Kellerman's Mountain House,1
Stone Mountain Ga,1
"North Adams, MA",1
"Rochester, NY, USA",1
"Pasadena, CA ",1
FSU,1
Midwest,1
Columbus GA,1
"Madison, Ala",1
wishing i was in disney world,1
"Lathrup Village, MI",1
"Mormonville, UT",1
Pretoria,1
"DDD,TX",1
"Harlingen, Texas ",1
"Johannesburg, South Africa",1
Santiago (Por Ahora),1
"Shrewsbury, PA",1
"Las Vegas, Nevada",1
"Killeen, TX",1
"Belém, Brasil",1
"Bensville, MD",1
512 Georgetown  Tx,1
973 ✈️ 614,1
"Oakville, Ontario",1
"Dogpatch, San Francisco",1
Smyrna/LaVergne/Nashville TN,1
Vegas,1
"West Babylon, NY",1
"Orange County, NY",1
"Mebane, NC",1
Washington D.C. -ish,1
"Attleboro, MA",1
"Washington, D. C.",1
"New Carlisle, Ohio USA",1
Bolingbrook and Burr Ridge IL,1
unda ya gmas titty,1
"Pyrénées-Atlantiques, Aquitain",1
"Montreal, Qc Canada",1
"Village Shires, PA",1
"Cape Town, South Africa",1
Jacksonville ,1
"Kolkata, India",1
長野→上海→東京→千葉→長野,1
"Buena Vista, VA",1
"Chesilhurst, NJ",1
"Lafayette, IN",1
"Charlotte, North Carolina, USA",1
"Santiago, Chile",1
"Mount Morris, NY",1
Dathomir,1
"Acworth, GA",1
Bucaramanga,1
757 ,1
"Perth-Andover, New Brunswick",1
At the O ,1
Beaverton,1
Georgia 	,1
"41.932245,-87.881969",1
singapore,1
wherever Uncle Sam sends me⚓,1
"Trim, Co. Meath",1
"Edgewater, NJ",1
"Ipswich, England",1
BO$TON,1
"Washington, DC.",1
Hidden Leaf Village,1
"Wayzata, MN",1
"Prairie View, TX",1
"Hillsboro, OR",1
michael ♡,1
girlbyedab,1
"Falls Church, VA",1
"Deeside, North Wales",1
+55,1
"Goiânia, Brasil",1
"Chicago, IL//Miami, FL",1
"Irmo, SC via Pittsburgh, PA",1
"ÜT: 43.497163,-70.488373",1
"Texel, Holanda",1
"South Canal, OH",1
"Spurgeon, TN",1
"Ontario, CA",1
"Brittany Hills, Columbus",1
BOS,1
219,1
"Miami Springs, FL",1
"Corpus Christi, TX ☀️",1
VA Beach but stuck in Atl,1
"Downtown, Jacksonville",1
"Coram, NY",1
"Bergen County, NJ",1
"Exeter, England",1
"Hertfordshire, UK",1
"Bay Village, OH",1
TEXAS,1
"Capitol Heights, MD",1
Brown Town USA,1
west V,1
"West Belmar, NJ",1
Weight Room ,1
"omaha,ne",1
Trivandrum,1
"Manila City, National Capital Region",1
"Minneapolis, Minnesota",1
"Jackson, Mississippi",1
World Wide!,1
"Andover, NH",1
Fasten ur seatbelt ,1
new video below,1
PRIVATE ZONE,1
delhi,1
"ridley park, PA",1
Atlanta Ga-  ,1
"Rip Omaryion,Alvin&JuanJuan",1
けいおん本鋭意作成中,1
"Nordhorn, Deutschland",1
"Canton, OH",1
Chi City,1
2714 Penn Ave,1
"Langley Park, MD",1
Gorgeous Girls Land Atlanta Ga,1
CitizenOfTheWorld,1
Niger Delta ,1
under nathans bed,1
Stanford,1
w/FirstLove❤️,1
"parma, ohio",1
Northolt/Ruislip,1
"DC, Baltimore",1
"Panama City, Panama",1
"Kingston, NJ",1
"Dorval, Québec",1
UF '20,1
"Youngstown, OH",1
International,1
NEW YORK CITY. 646-302-3939,1
"ÜT: 40.7391855,-73.9900399",1
"San Jacinto, Masbate",1
"DuBois, PA",1
slidell louisiana ,1
sudan,1
"Mission Viejo, CA",1
"Independence, KY.",1
"Cameraman, Ayr/Glasgow, 22",1
"Wakefield, RI",1
"Rainy River, Ontario",1
in a tough building,1
PH,1
@ciixrahx,1
"Wixom, MI",1
"Cokyo, Japan",1
@ the 269 street scene ,1
Shetland,1
New York City ,1
"Rathole, Massachusetts",1
"Frisco, TX",1
"Bliss Corner, MA",1
"Chicago,Ill",1
"Brixton, London",1
"Cajeme, Sonora",1
401 --- 207,1
"Bellmead, TX",1
New York area,1
"Fredericton, New Brunswick",1
Est. 2003,1
"Plymouth, MN",1
845,1
"Carrolltown, PA",1
Ariana's crew,1
"Boston, MA and Kigali, Rwanda",1
"Ithaca, NY",1
"Weymouth, MA",1
"Mount Vernon, VA",1
"Wood Ridge, NJ",1
"Fremont, Ohio",1
Haverhood,1
"Cedar Falls, IA",1
Laughing,1
"McColl, SC",1
"East Freehold, NJ",1
"Wadsworth, OH",1
Running Marathon,1
Senior Mr. Dancers Inc 2016,1
"scottdale, pa",1
wads,1
jessicawashere❤️,1
"Flower Mound, TX",1
"Charleston, South Carolina",1
"Montreal,QC",1
"Chicago/Blue Island, IL",1
"Watauga, TX",1
"Palm Coast, FL",1
wolfs bbq,1
Tangerang,1
Everywhere your not...,1
"Mpumalanga, Oshoek .",1
El Cajon,1
"Lebanon, NH",1
"Linlithgow, West Lothian",1
"Fort Drum, NY",1
"Dartmouth, MA",1
brooklyn,1
757,1
"Northside, MA",1
"Long Island, NY",1
"Benfleet, East",1
"Paloma Creek South, TX",1
Trauma Queen,1
"Lombard, IL",1
"Asbury Park, NJ",1
Namibia,1
Украина,1
"San Diego, Cali livin ☀️",1
"Irmo, SC",1
most likley at school,1
Florida ☀️,1
Trigger Warning. Eggs=blocked,1
"Phoenix, AIZ",1
braddock football,1
"Россия, Москва",1
"gloucestershire, uk",1
"Worthington, OH",1
"Ferndale, MI",1
"Sioux City, IA",1
Milan,1
"El Reno, OK",1
"Astoria, OR",1
Indianapolis // LA,1
Bangtan,1
251. 410. 601,1
"Hamburg, NY",1
Fayetteville Arkansas,1
texas forever,1
"Washingtonville, NY",1
อยากไปสวิสเซอร์แลนด์,1
Orlando Florida,1
NYC & Jersey City area,1
BosSTon City Of Champs,1
"Antwerp, Belgium / BiH ",1
"Osaka→Tokyo→Toronto,CANADA",1
az,1
"Komoka, Ontario  Canada",1
"Bangkok, Thailand",1
"West Palm Beach, Florida",1
"Waverly, MI",1
"Holland, Michigan USA ",1
"Hiram, OH",1
神奈川県川崎市麻生区,1
"Alice, TX",1
trapping out the fort ,1
s r q,1
"Rockford, IL",1
VTA / LA / SB,1
"Mesquite, TX / San Marcos,Tx",1
"Blumenau, Brasil",1
"Savage, MD",1
"Bohemia, NY",1
"Tega Cay, SC",1
"Porto Alegre, Rio Grande do Sul",1
Omaha,1
"Palmdale, CA",1
"Ozark, MO",1
Bombay ,1
"New York Mills, NY",1
"Woodbury, NJ",1
Jiyagaon.....MP,1
"Johnson City, TN",1
Cilegon-Banten-Jakarta,1
Cascais,1
somewhere else ,1
"London & Surrey, UK",1
Metro NYC. ... ,1
"Waterville, ME",1
"Lemoore, CA",1
out of your league,1
"Wandsworth, London",1
"Selangor, Malaysia",1
World Wide,1
Харьков ,1
somewhere with kaycee,1
"Richmond, Virginia",1
"St Clair, MI",1
Unknown,1
KAM Stunna,1
"South Bend, IN",1
"Brentwood, Essex, UK",1
"Cicero, IL",1
"Ugine, France",1
St. Petersburg FL,1
"Randolph, MA",1
Morgan & Morgan,1
Rest in paradise bubba ♡ ,1
inside your head,1
"Birmingham, AL 35203",1
"LaGrange, OH",1
Nederland,1
Northwest Arkansas,1
Fremont,1
"Cleveland, Ohio ",1
"Sugar Land, TX",1
"Salem, MA",1
snap: chasecruzzz,1
Vegas to Nawlins ,1
"SAN LORENZO, CA",1
¥our $ubconscious ,1
"Touriz, Midões ",1
"Oshkosh, WI",1
Most likely up at a view ,1
"Blue Ash, OH",1
"Miami, Fl ",1
Luton,1
somewhere in the South,1
The Town....,1
"Loganville, GA",1
"deland,florida",1
paradise,1
"Brentwood, MO",1
"Anywhere, but not here",1
"Saint-Eustache, Québec",1
Dundee,1
"Richville, OH",1
"Newburgh, NY",1
"Southside, FL",1
patmed,1
AYITI FUTUR,1
Estado Zulia-Venezuela,1
The World,1
"Rockford, MI | Ft. Wayne, IN",1
Hartsfield-Jackson Atlanta International Airport (ATL),1
"Holyoke, MA",1
Planet Earth,1
"Toronto, Ont.",1
"कालेबुङ्ग, India. ",1
"Cockeysville, MD",1
"Finksburg, MD",1
Denver,1
"Corcoran, CA",1
The Upper Peninsula,1
"Village Green, PA",1
"London, Ontario, Canada",1
 Ahmedabad | India,1
"Gower Peninsula, Swansea",1
"Louisville, Kentucky",1
"37.7322° N, 79.3533° W",1
"Brooklyn, OH",1
"Herne Hill, London, SE249HE",1
"Seminole, FL",1
Long Island ,1
"santamaria,ghetto bi.",1
sarasota,1
Finland,1
idina's tongue when she belts,1
looking for happiness,1
"ÜT: 35.486304,-97.513508",1
Minneapolis MN,1
Kolkata,1
"Jackson, MI",1
"Walled Lake, MI",1
Tucson,1
"Whitney, NV",1
exo•nct•bts•rv•snsd•twice,1
www.wearesportsradio.com,1
the dirty soup,1
Underwater Emerald Cave ,1
East Coast UK/ East Coast USA,1
"Middlebury Vermont, 290 N RT 7",1
Home Base South New England,1
"Kingsland, GA",1
"Barnegat, NJ",1
Bondy,1
"Grosse Tete, LA",1
Louisville,1
"Duluth, GA",1
"Aiken, SC",1
"Санкт-Петербург, Россия",1
"Zuid-Holland, Nederland",1
"Huntsville, AL - Ohio",1
Tampa/Orlando,1
"Holts Summit, MO",1
ROMA,1
"cuba, ny",1
Jhannam,1
"Webster, NY",1
"Fort Lupton, CO",1
lewes delaware,1
860 MYS,1
Land Of The Slaves ,1
En Madrid,1
w/ jadiee❣,1
"California, MD",1
probably working ,1
probably at crossfit,1
Timbuktu,1
Cambridge,1
"Belleair Beach, FL",1
"305 Miami-DadeCounty,Fl",1
"East Falmouth, MA",1
Deep South,1
812,1
Oklahoma '16,1
"Casselberry, FL",1
"hhs :,)",1
"Glendale, WI",1
"Oakland Park, FL",1
"Plattekill, NY",1
105 E. 5th street,1
iL,1
"Garrettsville, OH",1
"Osaka-fu, Japan",1
Global ,1
dtx,1
"Ottawa, Ontario, Canada",1
"Fairmont, WV",1
"Stallings, NC",1
"Puerto Princesa City, Palawan",1
Bullock Nc,1
swindon bristol ohio,1
America? Hard to tell anymore,1
Wokingham,1
"Northfield, OH",1
"West Glens Falls, NY",1
jack☀️ville,1
interstate 8,1
ig: _tayla_smith_,1
The Baseball Field,1
"Miami Lakes, FL",1
305✈️541,1
|1997|TH',1
Guyana ,1
Isle of Dogs,1
"Parkway, FL",1
London & East Anglia,1
Glasgow,1
kumasi,1
"Bowling Green, OH",1
Surfside Beach SC,1
Somewhere south of NYC.,1
Ft. Lauderdale,1
"Sukarame, Indonesia",1
Hades ,1
yonkers,1
"Fort Gratiot, MI",1
VGJPE • blessed,1
"fuck jax, florida",1
"Coconut Creek, FL",1
"Goshen, NY",1
"Loudon, TN",1
Zaxbys,1
London. ,1
"Beckwith, Ontario",1
seoul,1
"Porto de Sanabria, Zamora",1
chicago ,1
"Shaker Heights, Ohio",1
610,1
"Jacksonville, Fl",1
"Garrison, MD",1
Columbus ,1
third stone from the sun ,1
Cali ,1
Totnes,1
TTU18,1
Wichita Falls TX,1
"Yass NSW, Australia",1
"Calabasas, CA",1
"Parma, OH",1
on da track!,1
"Tangerang Selatan, INDONESIA ",1
Parallel universe,1
"University, FL",1
"Rocky Point, NY",1
"Chesterfield, MI",1
"High Wycombe, England",1
"Tulsa, OK",1
sin city,1
716||LSHS'18,1
"Urbana, IL",1
"Wien, Österreich",1
CA | GCU ,1
Sant Quirze del Vallès,1
Ottawa/San Diego,1
"Norfolk County, Ontario",1
"Kill Devil Hills, NC",1
Westhoff Elementary,1
Ellesmere Port,1
"Coldwater, NY",1
Midtown Atlanta (or traveling),1
"Horsham, PA",1
31516,1
Fort Wayne,1
Paradise ,1
"Southeast Arcadia, FL",1
ຖēຟ ʸᴼᴿᴷ,1
Brussels,1
"Westcester, NY",1
Ubrique/Arcos de la Fra.-Spain,1
lowell,1
Bogotá,1
McD,1
"The Villages, FL",1
"Bad Street, nasty and hot.",1
Mebane NC,1
"Pickering, Ontario",1
michigan center,1
España,1
"Fond Du Lac, WI",1
"Samana, India",1
"Boston Heights, OH",1
Blumenau-sc,1
"Salt Lake City, UT",1
dirty souf,1
American Family Children's Hospital,1
Poinciana,1
Porto Alegre - RS - Brasil,1
dreamville ,1
"Winter Garden, FL",1
"Johnston, RI",1
"Ajax, Ontario",1
"Lumberton, NJ",1
"Westerly, RI",1
"Rockford, Illinois",1
"Kuala Lumpur, Malaysia",1
Wilkes Barre-Scranton PA,1
"Huron, MI",1
Harare,1
"Rome, GA",1
"Superior, WI",1
Black Hole of Calcutta,1
Old Trafford,1
La Jolla. Ca,1
"South Huntington, NY",1
Yoona's Bra ,1
"Texarkana,Arkansas",1
"Tolentino, Marche",1
"Seabrook, Texas",1
"Kangra,Himachal Pradesh",1
"Fort Stockton, TX",1
Close yet far ,1
Boston ,1
"Milan, Italy",1
Left my heart in Melbourne...,1
540 ➡️ 757,1
"Allston - Brighton, Boston",1
"Grove City, PA",1
somewhere you not ♻️,1
"Scotland, UK",1
"Benin City, Edo State. Nigeria",1
"Grosse Pointe Woods, MI",1
"Washington Court House, Ohio",1
410,1
"Williamstown, NJ",1
"GrindLanta, GA ",1
"Eugene, Oregon",1
London & LA,1
"Cocoa, FL",1
® Vaal ☀ Qwa Qwa ®,1
"Frenchtown, NJ",1
"Los Angeles,CA",1
Chapter 16 .... ,1
"North Star, DE",1
mateus♡,1
"Kelantan, Malaysia",1
University of Edinburgh,1
"Holt, MI",1
 AL,1
"Lansdale, PA",1
MA-NC HPU '18,1
Guam ,1
DFW-the Metroplex,1
#GodDamnBabe,1
"California City, CA",1
w my best bitch kelsey,1
"CA, 90032",1
2️⃣1️⃣5️⃣,1
"Maryville, MO ",1
your's♥,1
Oklahoma,1
181115C,1
"Mount Morris, New York",1
So.NJ,1
"Abita Springs, LA",1
colombia,1
"iPhone: 37.762537,-122.389731",1
"Whittier, CA",1
"Seymour, TX",1
"Sonoma, CA",1
My Mind,1
"Miami Beach, Florida",1
In Transit,1
"ÜT: -6.236638559614059,107.07367297725708",1
"North Merrick, NY",1
"Pottstown, PA",1
Texas ,1
Texas.,1
"First Ontario Centre, Sec 122",1
Texas!,1
D 〽️V ,1
"ÜT: 26.870673,-80.064096",1
"Boca Ciega, FL",1
(un)follow = (un)follow,1
"Lincoln Square, Manhattan",1
"Grosse Pointe Farms, MI",1
"Laguna Beach, Ca",1
"Mountain View, CA",1
"Westminster, CA",1
"Woodside, New York",1
West Virginia University,1
"Bell, CA",1
Old Ohio,1
with yo nigga ✨,1
"Cooper City, FL",1
NOVA,1
"Florida, Nebraska or Virginia",1
New Orleans,1
On That 20 ☁️,1
"Warwick,RI ",1
"Nottingham, UK",1
"Woodbridge, NJ",1
"Carmel, IN",1
"Bridge City, Texas",1
uzivert,1
"43.239107,-79.85789",1
"ÜT: 40.730736,-74.000723",1
"Lagos, Nigeria",1
"Lincoln, England",1
Montréal,1
"Charlotte,NC",1
"Hell, MI",1
"las vegas, nevada",1
"Bear, DE",1
31005 Georgia ,1
"briarcliffe, pa",1
living a priceless life,1
In my bed or in the kitchen.,1
"Ball, LA",1
the bike path,1
seward aka nowhere mpls,1
"Hawaii, USA",1
South Carolina,1
"Milan, OH",1
"Sunbury, PA",1
gym,1
30582,1
Greater New York City Area,1
"Mount Hope, WV",1
"Doral, FL",1
"Newark-on-Trent, UK",1
"Sheffield, England",1
"Hillsboro, OH",1
carioquetes • femistans,1
United state,1
"Dublin, VA",1
"Milano, Lombardia",1
Zion,1
"Rosaryville, MD",1
"Red Oak, IA",1
"Bayonet Point, FL",1
IIUM,1
"Hertfordshire, England ",1
North Georgia,1
"Esbjerg, Denmark",1
"Arica,Chile ",1
"Pea Ridge, WV",1
Ohio ,1
Quincy Market,1
"Zanesville, OH",1
Titus Sparrow Park,1
"South Laurel, MD",1
gonnet La Plata,1
"Lancaster, UK",1
Clarksville,1
"SoMD to Wichita Falls, TX",1
"Orem, UT",1
"La Porte, TX",1
Minnesota (MN),1
"Bulacan, Central Luzon",1
"54.949039,-1.607868",1
"Mount Braddock, PA",1
"Waco, Texas",1
Pawleys Island sc,1
"Ruston, La",1
Nationwide,1
Tysons Corner Center,1
Abu Dhabi,1
"iPhone: 43.648041,-79.381783",1
"Washington, DC, Lagos.",1
the arkham asylum,1
Milford Haven,1
"King, NC",1
"Chaska, MN",1
Dot BostoN,1
Very Much Outside the Box.,1
EMPLOYED,1
"Gainesville, NY",1
"vagina, usa • haille is a meme",1
"Chicago,Il USA",1
"Bedford, OH",1
"Northfield, NJ",1
 Majadahonda + Madrid ,1
727 / 910 / usf / sp / TBD...,1
V.A,1
Summoner's Rift,1
"Huntsville, Ontario",1
"Manitowoc, WI",1
Yorkshire,1
Manchester UK,1
"Baton Rouge, La.",1
Mitten,1
엔시티 ,1
somewhere w yo man :),1
 cleveland ,1
"Klahanie, WA",1
Elgin IL,1
"Philly, PA",1
Minneapolis,1
Qatar | كعبة المضيوم .,1
"ÜT: 35.1190482,-80.9226575",1
51h8 ,1
"Lavallette, East Coast of NJ",1
"Roselle, IL",1
"Edgefield, LA",1
Rochester,1
"Salisbury, MD",1
"MurdaBurg, SC",1
"Kuala Lumpur, Wilayah Persekutuan Kuala Lumpur",1
"Miami, FL  ",1
(0541) 75124 Air Hitam City,1
"Bluff City, TN",1
"Philadelphia, New York",1
附高59th3A12,1
"Estérel, Québec",1
Brownstown,1
Pyramids Of Giza,1
"Fallon, NV",1
"Eldersburg, MD",1
"Darby Township, PA",1
On Top Of Trey Songz,1
"Duncanville, TX",1
田舎のゲーセン,1
8 minutes before 3 ,1
free curt free squeak,1
Tatooine ,1
"Bells Cross Roads, NC",1
"Bandung, Indonesia",1
Lee Temple,1
"Kearny, NJ",1
"Brisbane, Australia",1
the warehouse,1
Bronx NY,1
"Uxbridge, MA",1
Sonora. Mexico.,1
"Washington, D.C.",1
"Brighton, Mi",1
Lewisdale ,1
"London Ontario, Canada",1
Wonderland ,1
"616 Washington St Hoboken, NJ",1
"San Diego, CA ⚓️",1
Ohio | New York ,1
"Mansfield, Massachusetts, USA",1
Inside Starbucks ,1
"Tyngsborough, MA",1
somewhere in the world ,1
baltimore,1
"Chattanooga,TN  ",1
"Arkadelphia, AR",1
Sittin [Pretty] . . .,1
"Magnolia, NJ",1
"Sophia, WV",1
"Minooka, IL",1
SanDiego,1
"Framingham, MA",1
"Hanahan, S.C. USA",1
"Staten Island, NY • 18",1
pH,1
"Red Bank, SC",1
"New Milford, NJ",1
"Sloatsburg, NY",1
"Tampa Bay, Florida",1
501 || UALR,1
"Penn Hills, PA",1
"Lindenhurst,NY",1
"Antioch, CA",1
pa,1
California,1
hampshire,1
"Temple, PA",1
woke,1
"Midland, MI ✋",1
"Fuquay-Varina, NC",1
Las Vegas ,1
"Gilmer, TX",1
"Sydney, Australia",1
"Grindlanta, GA",1
Fairmount gym,1
Sonoma*Napa*Sausalito*Tiburon,1
Stockholm,1
"New York City, NY, USA!",1
Kota Gorontalo,1
Ireland ,1
"Richmond West, FL",1
Fauquier County ,1
"Imus, Cavite - Bellingham, WA",1
"Lower East Side, Manhattan",1
Fonthill Ontario Canada,1
334 ➡️ 205,1
Altoona ,1
"Chandigarh, India",1
"Glendale, OH",1
"leasburg, missouri",1
"Camp Pendleton North, CA",1
horse back gang,1
DR✈️ NY✈️ NC,1
"Indiana, PA",1
Point Park University,1
Gloucester and Cheltenham,1
"Kelang, Selangor",1
"Lakewood, CO",1
jpt,1
"West Covina, CA",1
"Newcastle Upon Tyne, England",1
"Alabaster, AL",1
"Cedar Grove, NJ",1
"Collegeville, PA",1
NYC Native- Studying in Milano,1
pyschedelia,1
Houston Texas  ,1
indianapolis,1
Tardis ~ palazzo della memoria,1
"West Springfield, MA",1
"Lansing, Michigan",1
Columbus/Cleveland,1
"Elmira, Ontario CANADA",1
"Firenze, Toscana",1
"Long Hill, CT",1
somwhere w/ my bff,1
probably at the gym,1
Twilight Town,1
"Indian Harbour Beach, FL",1
"Camp Nou, Barcelona",1
Fort Worth Texas,1
USSA - United Socialist States,1
11°N ,1
alone ,1
band room,1
"Sloot City, Ohigho",1
"West Lafayette, IN",1
"Out there. (33.290,-86.813)",1
"East Stroudsburg, PA",1
SoCal,1
Central Illinois,1
new yorkk,1
Baltimore MD,1
"Bayport, NY",1
University Campus (Obv!),1
"Houston, Texas. United States.",1
東京の右の方,1
"Mon-Fri, 6-8:30 a.m. 106.1FM",1
DM(V) Trinidad,1
Bradwell,1
"Atlanta, Georgia",1
North Pole,1
"Mentor-on-the-Lake, OH",1
"Fairmount, NY",1
"Long Branch, NJ",1
im anywhere in the caribbean,1
Bayombong Nueva Vizcaya,1
...,1
"Beltsville, MD",1
"Burr Ridge , IL",1
"Crofton, MD",1
"Harrisburg, PA",1
UA'20,1
bury lancs,1
"San Luis Obispo, CA",1
OH,1
Not Found,1
"Harrisburg, Pa",1
"Racine, WI, USA",1
℅16 #myyear / R.I.P Bubba✨❤,1
OP,1
Africa - Johannesburg,1
"Anchorage, AK",1
Málaga,1
"573 Middle Rd. Bayport, NY",1
Probably Flexin w/ your Bitch,1
OnTheField,1
Where I am supposed 2 B ,1
"Ellettsville, IN",1
"Kitty Hawk, NC",1
IG : @heyLiyaleena,1
"Romeoville, IL",1
"Roxborough, Philadelphia",1
FL,1
"Brookfield, CT",1
"서울, 한국 / MALAYSIA",1
miley solo vos,1
In the ⁶,1
The Motor City,1
"Claiborne, LA",1
euroannoying squad,1
"death, fl",1
"Mendoza, Argentina.",1
Lynchburg,1
"Wilmot, Ontario",1
"Lancaster, TX",1
Polska,1
"Beachtown, New Jersey",1
301,1
"Accra, Ghana",1
"Lake Ridge, VA",1
"Jefferson Valley, NY",1
"Pointe-Claire, Québec",1
"Bountiful, UT",1
High Street TV,1
New Delhi,1
snapchat-MadisonCarbonee,1
90 Feet Away ⚾️,1
"Sidoarjo, Jawa Timur",1
"MNL, MAKATI",1
Vike track ,1
Ziam Thotties™ ,1
"San Mateo, CA",1
Eat Sleep Work Repeat,1
"Bay City, MI",1
Relentless Hustle Lacrosse,1
"Mount Pleasant, SC",1
#VCU20,1
"Bloomsburg, PA",1
5th Circle of Hell,1
"Sheridan, IN",1
"Eerie, PA",1
"Virginia Beach, Virginia",1
Birmingham - Walsall ,1
55 adventures UK wide ,1
With Ezra.,1
"Cornwall, Ontario",1
"Williamsburg, FL",1
"Pelham, AL",1
"Raceland, LA",1
In the Love of Christ,1
Baton Rouge,1
"South Semarang, Indonesia",1
"waleska, ga",1
"Baxter Entertainment Productions, LLC",1
"Long Beach, CA",1
royalton,1
"Medford, NY",1
"Mount Vernon, IN",1
"Vancouver, British Columbia",1
"Camborne, Ontario",1
OH | GA,1
"South Whittier, CA",1
"Westerville, OH",1
Wyndham Deerfield Beach Resort,1
Oxford & London,1
Tampa!,1
Lets connect on LinkedIn now,1
Switzerland,1
♥,1
Austin,1
My girl place ,1
"Malaga, Andalusia",1
"Whiteland, IN",1
"Chicago,IL",1
"Herndon, VA",1
Twitter,1
Mail:roninworksjapan@gmail.com,1
Hialeah Gardens,1
B254 // sc: intaylligent,1
"ft lauderdale, florida",1
"Augusta, GA",1
Churchill Downs,1
Mazda Laguna Seca,1
Traverse City Michigan,1
Clare NS Canada,1
At The Barre ,1
southgate mi,1
"Muzenlaan 2a, Beek en Donk",1
Didsbury,1
#Huntsville #Alabama,1
"Community Service Office, D-4",1
Hampton Court,1
"Nederland, Texas&orWichita, KS",1
"Summit, NJ",1
Tn,1
halloween town,1
"Clare, Nova Scotia",1
"Champlin, MN",1
home,1
NY-USA new windsor ,1
"Walsden, Lancs",1
ig @jakemobley ,1
"Cloverville, MI",1
"Leyland, Lancashire, England",1
"norton ➡️ salina ➡️ hays, ks",1
"Grand Prairie, TX",1
Lemoore California ,1
Northern Michigan,1
"Owatonna, MN",1
Philly,1
PearsonSpecterLitt,1
DFW,1
Sydney,1
"Great Falls, VA",1
gurgaon,1
"Northbrook, OH",1
Floating down the river,1
"Canton, MI",1
Gosport,1
"Opa-Locka, FL",1
"Pearl River, NY",1
Cloud 9,1
food yes,1
"Nazareth, PA",1
"4684 Indianola Ave, Columbus OH",1
"Honolulu, Hawaii",1
ut-18-they/them-pans,1
"Nevada City, California",1
Zel 32,1
Tunisia,1
"Fochabers, Scotland",1
"Fairfax, VA",1
Worcester,1
Cardiff,1
southgate anderson/skyzone ,1
ไ ร้ ป ร ะ โ ย ช น์ ,1
"Ogden, NC",1
The 9.,1
"Paris, France",1
KIDAPAWAN CITY,1
"Greenwood Village, CO",1
"Bowie, MD",1
"Oregon City, OR",1
North London ,1
"Syracuse,NY ✈️✈ Kissimmee, FL",1
"Medina, OH",1
Ppl's Republic of Ann Arbor ,1
Balitmore/ Clinton,1
CPT,1
"Dedham, MA",1
"Grass Valley, CA",1
"Columbus, Ohio",1
"Brandywine, MD",1
"Somerville, MA",1
"Pembroke Pines, Florida",1
"Little Rock, Arkansas",1
"Whitchurch, Shropshire",1
Shah alam / seremban,1
Dreamville ,1
717,1
"Fuquay-Varina, NC.",1
gettin to the gwuap,1
yonkers NY,1
"Avondale Estates, GA",1
Gaithersburg High School,1
Palm Beach County FL ,1
"Casas Adobes, AZ",1
"Peoria, AZ",1
Dalyellup,1
Brisbane,1
"Nichols Hills, OK",1
"Sonora,Mexico",1
"Jefferson, GA",1
"Temperance, MI",1
"Alva, OK",1
"Highland Park, NJ",1
SC / CR,1
"Venice, CA",1
"Somerset, PA",1
"Wanamassa, NJ",1
Somewhere in the world!,1
"Florida, US",1
"Lyndon, VT",1
my little room,1
"Lafayette, Louisiana ",1
Cordoba,1
San Diego,1
Bexley At Preston,1
"Kigali, Rwanda",1
"Lansdowne, PA",1
"Eagan, MN",1
IUP,1
the forbidden fruit,1
"Chickamauga, GA",1
in the Jersey lowlands,1
"West Des Moines, IA",1
516-910,1
"Holt, Michigan",1
"Coimbra, Portugal",1
"Lancaster, PA - Richmond, VA ",1
MARS,1
"Valencia, España",1
PA don't play,1
"Crescent Springs, KY",1
boston/in a big white van,1
"NYC/Long Island, NY",1
Zayn's arms,1
"Rancho Cordova, CA",1
Combs la ville 77380,1
"Fort Collins, Colorado",1
"Robbinsville, NJ",1
"Salford, England",1
savannah.ga,1
probably with alan ,1
OHIO BOY,1
"St-Jean-sur-Richelieu, Qc",1
#UNC20,1
"Spring Lake Heights, NJ",1
The Dark Side,1
"Bookshelfs, computers and buil",1
"Puerto Princesa City, Mimaropa",1
781.207.203,1
Etown '18,1
"Nova Iguaçu, Brasil",1
336,1
Larry is the new Waldo,1
New York/Birmingham/London,1
Bx ✈ Souf FL,1
"Earth, 3rd rock from the sun",1
밀키은하계 ,1
"Northumberland, Ontario",1
Tameside,1
ONLINE,1
"Baltimore, MD USA  / LV-426 ",1
"Kinnelon, NJ",1
" Mohnton,PA",1
"Edgewood, KY",1
"Missouri City, TX",1
"อ.สวี, จ.ชุมพร",1
"Holland, MI",1
"Caracas, Venezuela",1
"Shavertown, PA",1
"Mount Holly, NJ",1
highwaytoheaven✨,1
under your sheets,1
"Pensacola, FL",1
"Indianapolis, Indiana",1
"General Escobedo, Nuevo León",1
Banyuwangi = DIY = Japan,1
"Jalandhar, Punjab, India",1
far from captivity,1
"Hooker Corner, Indiana",1
diamond district ♛,1
"Buckhall, VA",1
not yet in the White House,1
"North Arlington, NJ USA",1
Birmingham,1
"Tuscaloosa County, Alabama",1
with corey & katers,1
Peterborough/Huntingdon,1
"Culver City, I guess ",1
allen tx,1
Park Bom's Toilet,1
"kigali, Rwanda",1
"Paris, Ile-de-France",1
"Falfurrias, TX",1
my swamp,1
"Economy, PA",1
waiting for nicky to come home,1
"Bellevue, NE",1
東京｜福岡 ｜Hawaii｜香港,1
"Davidson, NC",1
idc k bye ,1
fairly local,1
兵庫県の山のどこか,1
"Holtsville, NY",1
gco,1
"Flemington, NJ",1
"Hyde Park, PA",1
#1 in you heart; Aquarius,1
ig ; n.annisya,1
SD ✈ PHX,1
FL $$$,1
Russia Lipetsk,1
"Santiago, Querétaro",1
"Cork, and Dublin occasionally",1
space,1
"Woolwich, Ontario",1
"M,MP",1
"37.561412,126.921472",1
"Orlando, FL ",1
"Kalamazoo, Michigan",1
Canada //// Philippines,1
"Shrewsbury, UK",1
"East Baltimore, MD",1
"Huntley, IL ",1
"University City, MO",1
Plano Texas,1
Gem City,1
"Wappingers Falls, NY",1
"Boston, Mass.",1
Dunbar,1
"Lyndon, KY",1
"Hattiesburg, MS, USA",1
"Hollywood, USA",1
"Staten Island, New York",1
"LaGrange, GA",1
横浜,1
KBR - KCH,1
West Springfield,1
day dreaming about the future,1
flavortown,1
Girona,1
"Englewood, FL",1
SJ ✈️ PD,1
Neath Port Talbot,1
"San Marcos, Texas",1
in the bug ,1
Exmoor England,1
"R'yleh, Virginia",1
2017,1
{859},1
"1389 Center Dr Park City, UT",1
90210,1
Conyngham PA/Murrells Inlet SC,1
"Rockville, MD ",1
Dubai,1
"Marshall, Texas",1
New Kent ,1
"Chamblee, GA",1
"Riverview, FL",1
"Corner Brook, NL",1
"Hays, KS",1
"Mansfield, MA",1
"East Midlands, UK 0115 853600",1
"DFW (Arlington, TX)",1
"North Holland, The Netherlands",1
SO CAL,1
"Accokeek, MD",1
In the Eastern Time Zone,1
Gateshead,1
westcoast lil thot,1
"Redwood City, CA",1
"Cecilia, LA",1
-Tan Biónica ♥,1
"Annapolis, Md.",1
maine ,1
"Baltimore, Maryland USA",1
sunshine state ,1
bumpin to drake somewhere ⁶,1
the 6 with my woes,1
"Port huron, MI",1
"Austin, TX | Beaumont, TX",1
bathinda punjab,1
Metropolis of Berea :),1
"Brunswick, OH",1
"Canfield, OH",1
702,1
"Lea Hill, WA",1
Lagos/Abuja [Nigeria],1
st helens,1
"Whitby, Ontario",1
"Newport News, VA (757)",1
"Hoopeston, Illinois",1
Where I want to be,1
"Princeton, FL",1
"Brilliant, OH",1
"Sterling, Va",1
neymar's home,1
North Wales,1
franklin texas,1
OH/KY/TN,1
In the shadows,1
eight.four.three,1
"Utah, USA",1
Toronto Canada,1
Palembang,1
Thoughts...,1
"Miami Beach, FL ",1
"Dreamville, Tx",1
"Duxbury, MA",1
Indonesia,1
"Washington Terrace, UT",1
"hockey pitch, midfield ",1
"Corinth, Ms",1
"Hanger 89, Luton Airport",1
"Brighton, England",1
"Bangor, ME",1
"Mickleton, NJ",1
"Adamston, NJ",1
"Griffith, IN",1
SJO*ATL*BZN,1
"Syracuse,NY",1
"Haverhill, MA",1
"Spencerport, NY",1
"Manchester, TN",1
"Vilnius, Lithuania",1
TGOD Mafia,1
DC area,1
"Harlingen, TX",1
"ÜT: 25.758098,-80.202952",1
USA  / ITALY,1
Mexico City,1
"$crewston, FleXa$",1
"Hell's Kitchen, USA",1
snap:poonncp,1
"Selden, NY",1
I don't know ,1
"Collingswood, NJ",1
"Trinity, NC",1
New York City/Miami,1
melb.victoria.australia.,1
newport coast drive,1
"Batavia, OH",1
"Grand Ledge, MI",1
"Gotham, England",1
"WTF, USA",1
rine pichland,1
Milano Italy,1
Six Feet Under,1
"Barnstaple, England",1
"Landover, MD",1
"Jermyn, PA USA",1
"Centralia, WA",1
Shayol Ghul,1
"Mancheser, UK",1
"Barnstable, Mass Cape Cod",1
Chile,1
W/ yo bitch ,1
in my own skin,1
heart of Omnia,1
"Scott Lake, FL",1
why u care,1
Locked up in the Gulag,1
"Muncie, Indiana ",1
Tallahassee,1
Guantanamo Bay Detention Camp,1
Nearby,1
"Oak Harbor, OH",1
Living in the KATHNIEL WORLD,1
 Coushatta/Shreveport LA ,1
bed,1
"Medford, New Jersey",1
Velvet Underground ...Nebraska,1
"White Horse, NJ",1
"Freeport, NY",1
"Nueva York, USA",1
ig : milkeoppii,1
"Ormskirk, Lancashire",1
storybrooke,1
"Clinton Twp, MI",1
"Kota Surabaya, East Java",1
Ontario Canada ,1
"Cleveland Heights, OH",1
"Bridgewater, MA",1
"Linganore, MD",1
"Springfield, MO",1
"buffalo, ny",1
"Central Valley, NY",1
"East Midlands, England",1
Mya is queen,1
"Southborough, MA",1
"Fairport, NY",1
The Gym,1
Outside Philadelphia Pa,1
"Kota Kinabalu, Sabah",1
"Λαμία, Ελλάς",1
     ✯ Lone Star State ✯,1
"Kirkland, NC",1
Drexel University Nursing,1
"Washington, PA",1
worldwide,1
Johannesburg,1
"Mapleton, Ontario",1
North of England,1
"morecambe,lancashire",1
// Lønëwułf \\ Høłłøw $quad //,1
old brick,1
"Holland, PA",1
RUE21,1
"Auckland, New Zealand",1
"Bloomdale,Ohio",1
"Lancaster, CA",1
"Staten Island, NY ",1
"Manila,Philippines",1
"Morrisville, NC",1
"Del Monte Forest, CA",1
"Union, New Jersey, USA",1
京都市,1
Indiana ,1
los angeles,1
"Wellington City, New Zealand",1
orange county,1
London & Bath Spa ,1
"Williamsburg, VA",1
Houston Texas ,1
Cuyahoga Falls HS,1
"Smyrna, GA",1
"Morgantown, KY",1
houston,1
ChasinMoney,1
"Batonrouge,la",1
"Burlington, Ontario",1
The Lake,1
your mentions,1
"Lexington, Ky.",1
Ace Of Fade$ ♠️,1
"Magdalena, Sonora",1
ALE thread & Kpex,1
"Troy, OH",1
"Bethlehem, PA",1
York,1
"Newark, NJ/ Columbus, OH",1
"115 River rd Edgewater, NJ",1
Stuck In America,1
michigan,1
"Adelaide, South Australia",1
the hills         ,1
"Medley, FL",1
"Palm Harbor, FL",1
the environment is dying ,1
230 Godwin Ave ,1
West Los Angeles ,1
"St. Catharines, Ontario",1
plymouth                  18,1
Mogadishu - Somalia,1
The Land Before Timehop,1
San Antonio,1
"Revere, MA",1
Königsfeld im Schwarzwald,1
"Hazlehurst, GA",1
"Lewiston, ME",1
"Copenhagen, Denmark ",1
"Texas, USA! USA!!",1
"Loughborough University, UK",1
Tomorrowland †  ,1
RVA ,1
"The City of London, UK",1
"Witney, England",1
Mt Pleazy,1
"Dunkirk, NY",1
narnia,1
"Japan, Shiga-Hikone",1
"Vaughan, Ontario",1
"East Glenville, NY",1
TORREJON DE ARDOZ,1
sunday river 24/7,1
"Nesconset, NY",1
sirsa,1
destiny,1
"Antioch, IL",1
"Riverdale, NJ",1
omw 2 bae,1
PA,1
"Capitol Hill, Washington",1
"Progress, PA",1
"Fayetteville, GA",1
Nairobi.Telephone:0703065003,1
Virginia,1
"Watergate, FL",1
LV - NY ,1
"Birmingham, United Kingdom",1
National Hall/ Reagan National Airport,1
"KIBERA,NAIROBI,KENYA",1
Area Unknown ,1
Psychedelphia,1
Alpharetta High School,1
"Ardmore, PA",1
"Athens, Ga.",1
prolly in bed ,1
cghs'17,1
DMV ✈️ LFK,1
"Sunrise Manor, NV",1
In My Room,1
"Palisades Park , NJ",1
"Gate City, VA",1
Eastern Suburb,1
"Yorketown, NJ",1
Complex ⛽️,1
seoul korea • korean dramas ,1
cf,1
Luxembourg,1
574,1
"Dunkerque, Midland ",1
"former nV, eRa, Darth",1
Brick,1
D[M]V,1
San Francisco and The Bay Area,1
Real Life... ,1
"Brownsville, FL",1
"San Rafael, CA",1
Inverness,1
in bed,1
"Cortland West, NY",1
The Left Bank,1
Langford Bay,1
"Evansville, IN",1
"Cordele, GA",1
03.08.14 & 08.21.13 & 11.22.14,1
Cleveland OH,1
Grindin ,1
"South Windsor, CT",1
"West Goshen, PA",1
nc,1
608,1
probably  @ soccer ,1
NOLA ,1
Fart School for the Gifted ,1
"Clermont, Florida",1
"Second Beach, Rhode Island ",1
"West Palm Beach, Florida ",1
mac town,1
"South County & Westerly, RI",1
Saramento California USA,1
"Crab Orchard, WV",1
Indonesia - Samarinda,1
"Wildwood, MO",1
"Manchester, CT",1
voorheesville,1
"Leicester, MA",1
henry bullock|rest easy dad| ,1
"Clayton, DE",1
"camden, nc",1
"Princeton, NC",1
"ÜT: 3.151347,101.6994",1
Duval ,1
"Ballabgarh, Faridabad, Haryana",1
"Atlanta, USA",1
"Quezon City, National Capital Region",1
"Lancaster County, PA",1
Somewhere east of nowhere,1
LONDON,1
"Monsey, New York",1
"Rocky Mount, NC",1
Saquara,1
"Kota Bharu, Kelantan",1
"Amazon books,  GLOBAL",1
"Houston, Renfrewshire",1
prob in my bed ,1
"Lake City, PA",1
"Bullhead City, AZ",1
Surabaya City,1
Humanitarian / Mystic,1
Bellevue ,1
"Lavallette, NJ",1
Sirsa (Haryana) India,1
"Lapeer, MI",1
CashVille ,1
Oxford,1
"Mount Pleasant, NY",1
"Gettysburg, PA",1
Wilimington North Carolina,1
"UK, Mcr, Capricorn",1
Pembrokeshire,1
The Internet,1
"Baytown, TX",1
"Whippany, NJ",1
"Herne Hill, London",1
Harrogate,1
"Los Gatos, California",1
the river court ,1
"Evans, GA",1
"Asaba, Nigeria",1
"Franklin Lakes, NJ",1
"Albuquerque, NM",1
Make America Great Again,1
"Bekasi, Indonesia",1
"Brogden, NC",1
new acc,1
"Washington Court House, OH",1
Middle Georgia,1
Carlisle,1
"Portland, ME",1
Estados Unidos,1
"Stoughton, MA",1
Merseyside,1
Kennett Square PA,1
"Yaphank, NY",1
"Highlands & Islands, Scotland",1
"Mooresville, NC",1
"Central Gardens, TX",1
rky,1
Bitch whereee,1
"Lynchburg, VA",1
Under the SpotLight,1
"Clarington, Ontario",1
GSM,1
NNK,1
"Red Bank, NJ",1
North Litchfield Beach,1
"West Overtown, Florida",1
"Thousand Oaks, CA",1
"Maytown, PA",1
UConn '17 ΑΣΦ,1
"Charm City, MD",1
RRHS,1
"Salinas, CA",1
pont-champlain,1
Usually in the dance studio,1
"Thomaston, GA",1
"Whitby, ON",1
minneapolis (well plymouth),1
"union, S.C.",1
"Fernley, NV",1
"Clarksburg, WV",1
Cardiff University,1
"Panorama Village, TX",1
"Home Gardens, CA",1
"Hyderabad, India",1
"Titusville, Florida",1
Being Successful,1
"Coal Grove, OH",1
"Roswell, GA",1
"Commerce, MI",1
LA//AZ       ,1
Humbolt Recreation Center,1
"Scottsville, KY",1
和歌山県/JAPAN,1
u.s.a.,1
soul sucking anus of America,1
Acton,1
vegas✨,1
Greater Northeast USA,1
Le Mans / Paris,1
"North End, Boston",1
ang042515 ❤️,1
happy valley,1
"Pontiac, MI",1
"Ozone Park, Queens",1
grinding,1
Opinions are my own.,1
La Plata- Buenos Aires,1
"Ludlow, MA ",1
somewhere doing me ,1
Poblacht na hÉireann ABÚ!,1
mean streets of Buford,1
"Temerloh, Pahang",1
St. Louis Metro,1
Dalam Kamar Kost,1
"Malta, NY",1
Pennsylvania and Maryland,1
Heaven,1
"Temple, TX",1
"Smith Mills, MA",1
Mooresville,1
"Milford, Delaware",1
World of His Own,1
Boston (via NYC),1
"Lekki, Lagos. Nigeria",1
"Walker Mill, MD",1
"Smyrna, DE",1
wherever my luggage is,1
"Valley View, OH",1
"New York, NY - Follow Me On FB",1
"Huntley, IL",1
"1200 Yamato Rd, Boca Raton, FL",1
ちーばくん,1
nobody ,1
"Lake Butler, FL",1
"Pine Hill, NJ",1
"Glendora, CA",1
Collingwood,1
"Gilbert, AZ",1
Cardiff NJ,1
Indiana State University,1
"ÜT: 40.736865,-73.990449",1
"Palmetto, FL",1
Salcedo Village Makati,1
Houston ,1
"Irondequoit, NY",1
"Perth, Australia",1
"Cambridge, UK (ish)",1
"Ridgefield, NJ",1
MillCity,1
1333 Hester NLMB ,1
on the bench,1
"Abington, MA",1
Chicago ,1
"Babylon, NY",1
"Robinson Township, PA",1
"Alsager, England",1
Thrapston,1
"Pretoria, South Africa",1
USAF✈️,1
Penang Malaysia.    HsnHfz's,1
"Avon, IN",1
"Asheville, NC",1
"Reno, NV",1
bum,1
"Royal Oak (Detroit), Michigan ",1
"Genoa, OH",1
Virginia Calloway❤️,1
Boston Area,1
Newbury 20' ,1
Seychelles,1
✈️atl,1
"North East, MD",1
make america great again ,1
"Suwanee, GA",1
leigh wn7 3eh,1
"Monterrey, Nuevo León ❁.",1
"Bedford Heights, OH",1
NYC Catch Me If You Can ! :D ,1
Monachopsis.,1
"Fort Shawnee, OH",1
Jerseyy,1
"Shaker Heights, OH",1
"Troy, OH - Dublin, OH",1
"Azusa, CA",1
Houston ✈️Tampa,1
MSU,1
Around ,1
Dallas/China/Worldwide,1
erie,1
"Chester, UK",1
West Sussex,1
Biafra/Nigeria/Spain/Gambia,1
somewhere petting a dog,1
"Eden Prairie, MN",1
The Fort,1
40,1
"The Bunker, KS",1
Puerta Carlotta,1
all over the place,1
Portharcourt,1
"DeLand, FL",1
埼玉,1
Poland,1
"Coventry, RI",1
Cork Joined 2014 ,1
The boogie down bronx nyc usa,1
The North ❄,1
Oxford/Portsmouth England,1
"Spring Grove, IN",1
"Walla Walla, WA",1
"West Caldwell, NJ",1
Dreamville,1
WWE City,1
"York, PA",1
"ÜT: 39.189415,-96.583377",1
Dover,1
"宇宙, 星空",1
T.D.F.,1
"Pueblo, CO",1
UK and Australia,1
Fairfield CA ✈️ Biloxi MS,1
"Lumberton, TX",1
B.F.E illinios,1
"Marietta, GA",1
"Derby, England",1
NW Louisiana,1
atl ga,1
it lurks,1
"อ.หาดใหญ่, จ.สงขลา",1
"Saco, ME",1
"Runnemede,NJ",1
